lemma_id,folio,lemma,gloss,gloss_type,gloss_form,marginal_note_text,marginal_type,marginal_form
p447_l01_o00,02r,INCIPIT LIBER EVTI/CI GRAMMAT(I)CI /DE VERBO,,,,++++/de uer[bo] ++++/[bo]nus contextor ,S523,F4
p447_l05_o02,02r,semper,s. cũ frequentia,S23,F3,,,
p447_l05_o04,02r,nouas quaestiones,novẽ int̃rogaciones,S22,F3,,,
p447_l05_o05,02r,doctorib;,p̃ce<ptoribus>,S22,F2,,,
p447_l05_o06,02r,auditorum,iđ discipulorũ,S22,F2,,,
p447_l05_o07,02r,acutiora,perspicatiora,S22,F2,,,
p447_l05_o08,02r,cõmouere ,reperire et excitare ,S22,F2,,,
p447_l06_o02,02r,soleant,in queareniã honari?,S22,F3,,,
p447_l06_o05,02r,curiositas,qͣsi sollicitudo,S22,F2,,,
p447_l06_o07,02r,familiaris,ĩ specialit̃ ⁊ ꝓprie aderens,S23,F4,ĩ afinis & cognata,S22,F4
p447_l06_o09,02r,cotidie,s̃ hominis ?dãƀrũ operis,S23,F4,,,
p447_l07_o01,02r,desiderat,cupit,S22,F2,,,
p447_l07_o03,02r,recens,nouit(er),S22,F2,,,
p447_l08_o02,02r,iure,recte /adũ locũ qualitatis,S22,F3,,,
p447_l08_o04,02r,imponi,suꝑponi immitti,S22,F2,,,
p447_l09_o03,02r,diligentissime ,dilectissima,S22,F2,,,
p447_l09_o05,02r,Cratere,nom̃ ꝓpͥũ,S553,F3,,,
p447_l10_o01,02r,facundia,iđ doctrina /eloquentia,S22,F3,facundu᷑ uocit᷑ eo qđ facile fari/potest. for faris inde facundia.,S54,F4
p447_l10_o03,02r,equiperante,coęquantẽ,S22,F2,,,
p447_l11_o01,02r,excellentes,presũt ĩgentes,S22,F3,,,
p447_l11_o03,02r,gaudebam ,lętabar,S22,F2,,,
p447_l11_o04,02r,doctrina,eloquentia,S22,F2,,,
p447_l11_o05,02r,superauisse,suꝑ orauisse,S25,F3,,,
p447_l11_o06,02r,romana,lat̃,S22,F2,,,
p447_l12_o02,02r,discernendas,separandas,S22,F2,,,
p447_l12_o09,02r,quorum,s duorũ librorũ,S3232,F3,,,
p447_l13_o03,02r,instruitur,ordinatur /(et di)sponitur,S22,F3,,,
p447_l14_o02,02r,exsequit᷑,ꝑseꝗt᷑,S22,F2,,,
p447_l14_o03,02r,regulas,rectitudines,S22,F2,,,
p447_l17_o08,02r,una ,(pt̃r)? prima,S53,F3,,,
p447_l18_o01,02r,carens,ammitens,S22,F2,,,
p447_l18_o02,02r,tenore ,iđ accentu,S22,F2,,,
p447_l18_o03-04,02r,in fine,& in t̃minatione,S22,F3,,,
p447_l18_o05,02r,BARIΘONOC,grauis sonus,S211,F3,,,
p447_l18_o07,02r,eis,uidelicet [grecis],S3232,F3,,,
p447_l18_o09,02r,que,s̃ species,S3232,F2,,,
p448_l01_o04,02r,inuentis,[+++]is,S22,F2,,,
p448_l01_o08,02r,significat,ostendit,S22,F2,,,
p448_l02_o04,02r,prolata,pñtiata,S22,F2,,,
p448_l02_o06,02r,eos,s apud grecos,S3232,F3,,,
p448_l02_o08,02r,ΠE/ΡΙCΠΟΜΕΝΕ,ꝑicpomene circũflexibilis,S211,F2,,,
p448_l03_o07,02r,inuentis,[+++]as,S22,F2,,,
p448_l04_o07,02r,terminatione,ex[++++]cione,S22,F3,,,
p448_l04_o11,02v,dicunt,apellant,S22,F2,,,
p448_l05_o01,02v,licet,si uis,S22,F3,,,
p448_l05_o10,02v,sicut,in aliis,S611,F3,,,
p448_l06_o05,02v,prorsus,certe /omnino,S22,F3,,,
p448_l07_o01,02v,inditia,signa,S22,F2,,,
p448_l07_o05,02v,penitus,ex toto /& funditias,S22,F3,,,
p448_l08_o03,02v,imitari,seꝗ s̃ lat̃ ,S53,F2,,,
p448_l08_o04,02v,o ,or,S611,F2,,,
p448_l08_o05,02v,terminalẽ,& finalem,S22,F2,,,
p448_l10_o01,02v,baritona,hoc est grauisona,S211,F4,,,
p448_l11_o02,02v,carent,lat̃,S53,F2,,,
p448_l12_o01,02v,ordinẽ,seriem,S22,F2,,,
p448_l13_o02,02v,ex,s ob,S22,F2,,,
p448_l14_o02,02v,penitus,funditꝰ,S22,F2,,,
p448_l14_o04,02v,incerta,&ãbigua,S22,F2,,,
p448_l14_o08,02v,cogimur,c̃pellim᷑,S22,F2,,,
p448_l16_o04,02v,enuntiare,ꝓñtiare,S22,F2,,,
p448_l16_o05,02v,conabor,ĩtẽptabor.,S22,F2,,,
p448_l18_o10,02v,notatis,exceptis & segregatis.,S22,F3,,,
p448_l19_o01,02v,anomalis ,inęqualib;,S22,F2,,,
p448_l19_o09,02v,analogię,ꝓportio,S22,F2,,,
p448_l20_o04,02v,cędo,dic,,F2,,,
p448_l20_o06,02v,faxo,ꝓfacio,S22,F2,,,
p448_l20_o07,02v,sodes,si audes,S23,F3,,,
p448_l20_o08,02v,aue,salue,S22,F2,,,
p448_l20_o09,02v,ferit,qͣsi ꝑcutit,S22,F2,,,
p448_l20_o10,02v,insit,dicit,S22,F2,,,
p448_l21_o09,02v,similitudine,aequalitate,S22,F2,,,
p448_l23_o08,02v,generale,qͣsi generalit̃ et cõmunit̃,S22,F3,,,
p448_l24_o06,03r,temptabo,conabor,S22,F2,,,
p448_l25_o04,03r,diriuatiua,hoc ẽ deductiua.,S22,F3,,,
p448_l26_o12,03r,tantũ,c̃iugaciones,S53,F2,,,
p448_l27_o05,03r,orthographis ,recte scribentib;,S23,F3,,,
p448_l27_o08,03r,consentientib;,c̃cordantib;,S22,F2,,,
p448_l28_o02,03r,ebesco ,fadt᷑dr̃,S22,F2,,,
p448_l28_o04,03r,pertimesco,ualde timere incipio ,S23,F4,,,
p448_l28_o05,03r,euanesco,deficio,S22,F2,,,
p449_l01_o01,03r,patesco,aperire incip{io},S23,F3,,,
p449_l01_o02,03r,notesco,notꝰ fieri iñpio,S23,F3,,,
p449_l01_o04,03r,labasco,ruere,S22,F2,,,
p449_l02_o04,03r,glisco,cresco,S22,F2,,,
p449_l04_o01,03r,micturio,mingere /meditor,S22,F3,,,
p449_l04_o02,03r,esurio,manducare,S22,F2,,,
p449_l05_o08,03r,p̃cedente ,antecedente,S22,F2,,,
p449_l07_o01,03r,lectito,frequent̃ lego,S23,F3,,,
p449_l07_o02,03r,dictito ,frequent̃ dico,S23,F3,,,
p449_l07_o03,03r,cantito,frequent̃ cano,S23,F3,,,
p449_l07_o04,03r,cursito,frequent̃curso,S23,F3,,,
p449_l07_o05,03r,uisito,frequent̃ uideo,S23,F3,,,
p449_l07_o08,03r,merso ,frequent̃ mergo,S23,F3,,,
p449_l07_o10,03r,nexo,frequent̃ necto,S23,F3,,,
p449_l07_o11,03r,uiso ,desidero uidere,S23,F3,,,
p449_l08_o03,03r,qđ,uerbũ,S3232,F2,,,
p449_l08_o12,03r,inuisitis,desideratas aras uidere,S22,F4,,,
p449_l09_o04,03r,eodẽ ,s libro,S3232,F2,,,
p449_l10_o03,03r,gelidos,allidos /frigidos,S22,F3,,,
p449_l14_o09,03r,seruare,custodit,S22,F2,,,
p449_l15_o08,03r,anomala,inequalia,S22,F2,,,
p449_l16_o01,03r,defectiua,qua deficiunt ꝑ modos,S23,F4,,,
p449_l16_o04,03r,inuenire,i,S611,F1,,,
p449_l17_o02,03r,differentiis ,arbitror,,F2,,,
p449_l17_o03,03r,arbitror,estimor,S22,F2,,,
p449_l17_o05,03r,discerni,diuidi,S22,F2,,,
p449_l18_o01,03r,fatilior,leuior,S22,F2,,,
p449_l18_o03,03r,obseruatio,s regula,S22,F2,,,
p449_l18_o06,03r,Tres,s̃ a .or. c̃sonanctb;,S53,F3,,,
p449_l19_o13,03v,penitus ,uidelicet omnino.,S22,F3,,,
p449_l20_o02,03v,inuenitur,reperit᷑,S22,F2,,,
p449_l20_o06,03v,reboo,ĩ resono.,S22,F2,,,
p449_l22_o06,03v,reboantq;,&  resonant,S22,F2,,,
p449_l22_o10,03v,olimpus,nom̃ montis ẽ,S554,F3,,,
p449_l23_o02,03v,inchoo,incipio,S22,F2,,,
p449_l23_o06,03v,axoo,ch,S611,F2,,,
p449_l23_o09,03v,traductum,d,S611,F1,,,
p449_l25_o04,03v,(add),ueteres,S611,F2,,,
p449_l26_o02,03v,sola,coniugatio,S3232,F2,,,
p449_l26_o11,03v,aliae,+++ c̃. uix,S611,F3,,,
p449_l27_o03-04,03v,quo modo,sic̃,S22,F2,,,
p449_l28_o05,03v,secunda,s c̃iugatio,S53,F2,,,
p449_l29_o01,03v,spetialẽ,ꝓpͥã,S22,F2,,,
p449_l30_o04,03v,taceo,sileo,S22,F2,,,
p449_l30_o09,03v,maneo,habito,S22,F2,,,
p449_l30_o10,03v,stupeo,ãmiror,S22,F2,,,
f03v_l16_o02,03v,squaleo ,sordeo,S22,F2,,,
p449_l30_o11,03v,areo ,sicor,S22,F2,,,
p449_l31_o01,03v,censeo,iudico,S22,F2,,,
f03v_l16_o04,03v,candeo,splendeo ,S22,F2,,,
f03v_l16_o05,03v,doleo,lugeo,S22,F2,,,
p449_l31_o02,03v,pateo,aperio,S22,F2,,,
p449_l31_o04,03v,eodeq ;,&ipso,S22,F2,,,
p449_l22_o03,03v,polliceor,spondeo/prometto,S22,F3,,,
p449_l22_o04,03v,liqueor ,fluo,S22,F2,,,
p449_l22_o05,03v,medeor,medicor,S22,F2,,,
p449_l22_o06,03v,reor ,estimo,S22,F2,,,
p449_l22_o07,03v,mereor ,tristor,S22,F2,,,
p449_l22_o08,03v,uereor,timeo/orresco,S22,F3,,,
p449_l22_o10,03v,fateor,loquor /ꝓfiteor,S22,F3,,,
p450_l01_o01,03v,profiteor,affirmo,S22,F2,,,
f03v_l121_o04,03v,infiteor,ñc̃fiteor,S22,F2,,,
p450_l01_o03,03v,intueor,inspicio/uideo  c̃sidero,S22,F3,,,
p450_l01_o04,03v,notandũ,excipiunt᷑,S22,F2,,,
p450_l01_o08,03v,beo,bontifico,S22,F2,,,
p450_l01_o09,03v,creo,facio,S22,F2,,,
p450_l02_o01,03v,meo,pergo,S22,F2,,,
p450_l02_o03,03v,nauseo,fastidio,S22,F2,,,
p450_l02_o04,03v,enucleo,aperio,S22,F2,,,
p450_l02_o05,03v,laqueo,ligo,S22,F2,,,
p450_l02_o06,03v,screo,spuo,S22,F2,,,
p450_l02_o11,03v,queo,ualeo possũ,S22,F2,,,
p450_l04_o08,04r,pritiua,mi,S611,F1,,,
p450_l05_o05,04r,acuo ,aciũ facio,S54,F3,,,
p450_l05_o06,04r,induo ,uestio,S22,F2,,,
p450_l05_o07,04r,arguo,c̃uto eo rep̃hendo,S23,F3,,,
p450_l05_o08,04r,fluo ,dercurro,S22,F2,,,
p450_l05_o09,04r,polluo,sordo ł sordeo,S22,F2,,,
p450_l05_o11,04r,alluo,perfu(ndo),S22,F2,,,
p450_l06_o01,04r,innuo ,Signũ facio,S23,F3,,,
p450_l06_o02,04r,minuo ,subtruo,S22,F2,,,
p450_l06_o03,04r,spuo ,sereo,S22,F2,,,
p450_l06_o04,04r,ruo,cado,S22,F2,,,
p450_l06_o06,04r,metuo ,timeo,S22,F2,,,
p450_l06_o07,04r,fatuo ,desinio,S22,F2,,,
p450_l06_o09,04r,liquor,soluor/ fluor,S22,F2,,,
p450_l07_o03,04r,exceptis,s̃ separatis,S22,F2,,,
p450_l08_o05,04r,postea,insequentib;,S22,F2,,,
p450_l08_o11,04r,uacuo,inanio  ,S22,F2,,,
p450_l08_o13,04r,tenuo,exilẽ facio,S23,F3,,,
p450_l08_o14,04r,sinuo,cõplico,S22,F2,,,
p450_l09_o02,04r,continuo,c̃iungo,S22,F2,,,
p450_l09_o01,04r,isninuo,demonstro,S22,F2,,,
p450_l09_o03,04r,fluctuo ,uacillo,S22,F2,,,
p450_l09_o05,04r,tumultuor,contendo,S22,F2,,,
f04r_l08_o01,04r,uiduo ,diuido,S22,F2,,,
p450_l09_o04,04r,estuo,ferueo,S22,F2,,,
p450_l09_o06,04r,mutuor,inꝓmudo,S22,F3,,,
p450_l13_o02,04r,illa ,s̃  uerba,S3232,F2,,,
p450_l13_o05,04r,adherentia,s̃ copulata & coïunta uidelicet ꝑ diriuatione,S23,F3,,,
p450_l14_o02,04r,pio,purgo,S22,F2,,,
p450_l14_o05,04r,hio,aperio,S22,F2,,,
p450_l15_o07,04r,nuntius,legatꝰ,S22,F2,,,
p450_l16_o03,04r,sotius,comes uicinꝰ,S22,F3,,,
p450_l15_o10,04r,sautius,uulneratus,S22,F2,,,
p450_l16_o06,04r,curia,domꝰ,S22,F2,,,
p450_l18_o01,04r,Radius,uirga geometricalis,S23,F3,,,
p450_l18_o07,04r,conciliũ,iudiciũ,S22,F2,,,
p450_l19_o03,04r,defolio,detrao,S22,F2,,,
p450_l19_o05,04r,spolium,detra[h]ĩ polu,S23,F3,,,
p450_l19_o08,04r,sumnium,uisio,S22,F2,,,
p450_l20_o01-02,04r,sũnio sũnias,ł sõnior sũniaris ,S611,F3,dicitur m̃ a grecoꝝ ardiũ sõ/ [ni]um ł excitatio,S23,F4
p450_l20_o04,04r,delinio,lineã destro ł unguo,S22,F3,,,
p450_l20_o06,04r,auxilium,adiutoriũ [adiuta]?,S22,F3,,,
p450_l21_o01,04r,decorio,e criñabis traho,S23,F4,,,
p450_l21_o04,04r,furio,insanio,S22,F2,ł furior ari,S22,F2
p450_l21_o06,04r,uarius,diuersus ,S22,F2,,,
p450_l21_o08,04r,uario,titubo,S22,F2,,,
p450_l21_o09,04r,basiũ,ba[++],S22,F2,,,
p450_l16_o09,04r,fiducia,qͣsi c̃fido,S22,F2,,,
p450_l7_o03,04r,repudium,reicio,S22,F2,,,
p450_l7_o06,04r,tripudium,gaudiũ,S22,F2,,,
p450_l22_o04,04v,spatior,ãplifico,S22,F2,,,
p450_l22_o07,04v,deprecio,uilẽ facio,S22,F3,,,
p450_l22_o09,04v,initium,inchoatuꝫ,S22,F2,,,
p450_l23_o04,04v,uitio,corrupcio,S22,F2,,,
p450_l23_o11,04v,desinens ,t̃minans,S22,F2,,,
p450_l24_o02,04v,nom̃,s pͥmitiuũ,S53,F2,,,
p450_l24_o04,04v,appositũ,e associatũ,S22,F2,,,
p450_l25_o08,04v,hio,aperio,S22,F2,,,
p450_l26_o01,04v,pio,purgo/mundo,S22,F3,,,
p450_l26_o03-04,04v,quod licet,s uerbũ,S3232,F2,,,
p450_l27_o02,04v,amplio ,dilato,S22,F2,,,
p450_l27_o06,04v,amplior,cõpatiuus,S34,F2,,,
p450_l28_o08,04v,quo,s nomine,S3232,F2,,,
p450_l30_o02,04v,satias,ĩ sacietas.,S22,F3,,,
p451_l01_o03,04v,lanio,lacero /disrũpo ,S22,F3,,,
p451_l01_o10,04v,idẽ,iã p̃dictꝰ,S53,F3,,,
p451_l02_o05-06,04v,per apocopã ,ꝑ ablacionẽ  ,S22,F3,,,
p451_l02_o09,04v,lani,Quasi carnifex,S23,F3,,,
p451_l02_o10,04v,fartores,repletores,S22,F2,,,
p451_l04_o10,04v,priuatũ,aliena,S22,F2,,,
p451_l06_o01,04v,modis,uerborũ,S412,F2,,,
p451_l06_o07,04v,penultimã,S̃ illud uerbũ,S53,F3,,,
p451_l08_o04,04v,ambio,circumeo/cupio,S22,F3,,,
p451_l08_o06,04v,superbio,eleuo extollo,S22,F2,,,
p451_l08_o08,04v,sancio,iudico,S22,F2,,,
p451_l08_o10,04v,sarcio,c̃stringo,S22,F2,,,
p451_l09_o02,04v,fartio,im pleo {expleo? ex far++ ?},S23,F4,,,
p451_l09_o03,04v,expedio,quasi impeditũ,S22,F2,,,
p451_l09_o06,04v,condio,p̃paro,S22,F2,,,
p451_l09_o08,04v,erudio,doceo,S22,F2,,,
p451_l10_o01,04v,uagio,ploro,S22,F2,,,
p451_l10_o02,04v,p̃sagio,futura prędico,S23,F3,,,
p451_l10_o04,04v,sepelio,sacro /c̃do,S22,F3,,,
p451_l10_o05,04v,stabilio ,constituo/c̃firmo,S22,F3,,,
p451_l10_o09,04v,redimio,decoro cõpono orno,S22,F2,,,
p451_l10_o10,04v,exinanio,exuacuo,S22,F2,,,
p451_l11_o02,04v,insanio,furio,S22,F2,,,
p451_l11_o03,04v,lenio,seduco ł decipio,S22,F2,,,
p451_l11_o04,04v,insignio,orno/redimio,S22,F3,,,
p451_l11_o09,05r,Grunnio,murmuro,S22,F2,,,
p451_l11_o10,05r,munio,defendo,S22,F2,,,
p451_l11_o11,05r,Punio,uindico,S22,F2,,,
p451_l12_o01,05r,Sepio,circũdo,S22,F2,,,
p451_l12_o02,05r,Sopio,dormio,S22,F2,,,
p451_l12_o03,05r,Ferio,ꝑcucio,S22,F2,,,
p451_l12_o05,05r,Aperio,manifesto,S22,F2,,,
p451_l12_o06,05r,Garrio,murmuro,S22,F2,,,
p451_l12_o07,05r,Ligurrio,lango ł gusto.,S22,F2,,,
p451_l12_o08,05r,Esurio,quasi edere desidero,S22,F3,,,
p451_l13_o01,05r,Prurio,saniem emitte iđ scabiem,S23,F4,,,
p451_l13_o02,05r,Parturio,parere/meditor,S54,F3,,,
p451_l13_o04,05r,Inretio,inligo,S22,F2,,,
p451_l13_o06,05r,gestio,exulto gaudeo,S22,F3,,,
p451_l18_o09,05r,congationis,iu,S611,F1,,,
p451_l13_o08,05r,effugio,effundo,S22,F2,,,
p451_l13_o09,05r,seruio,oboedio,S22,F2,,,
p451_l14_o02,05r,blandior,lenior,S22,F2,,,
p451_l14_o04,05r,ordior,incipio,S22,F2,,,
p451_l14_o08,05r,sortior,ĩ accipio,S22,F2,,,
p451_l15_o01,05r,Partior,Diuido & secor,S22,F3,,,
p451_l15_o05,05r,om̃a,s̃ uerba quarte coniugationis,S53,F3,,,
p451_l15_o10,05r,carent ,amittent,S22,F2,,,
p451_l17_o09,05r,spetiem,id̃ ÷ formã,S22,F2,,,
p451_l18_o03,05r,dictorum,s̃ uerborum,S22,F2,,,
p451_l19_o02,05r,tertiam,correptã,S611,F2,,,
f05r_l09_o04,05r,alia,s̃ uerba ,S3232,F2,,,
f05r_l09_o12,05r,et alia,eorũ ũborũ,S3232,F3,,,
p451_l21_o02,05r,ut,÷,S611,F1,,,
p451_l21_o06,05r,elitio,expͥmo /seduco,S22,F3,,,
p451_l21_o07,05r,inlitio,seduco ł ereo,S22,F3,,,
p451_l21_o08,05r,pellitio,in fraudũ duco.,S23,F3,,,
p451_l21_o09,05r,interfitio,occido,S22,F2,,,
p451_l21_o10,05r,offitio,noceo,S22,F2,,,
p451_l22_o01,05r,capio,conp̃hendo,S22,F2,,,
p451_l22_o02,05r,sapio,scio,S22,F2,,,
p451_l22_o06,05r,fodio,ꝑforo,S22,F2,,,
p451_l22_o07,05r,fugio,ꝓficiscor.,S22,F2,,,
p451_l22_o09,05r,quatio,tremo,S22,F2,,,
p451_l23_o01,05r,patior,suffero sustineo,S22,F3,,,
p451_l22_o04,05r,orior,nascor,S22,F2,,,
p451_l23_o05,05r,potior,utor,S22,F2,,,
p451_l25_o10,05r,plerũq; ,ꝗ añ sẽper,S22,F2,,,
p451_l28_o01,05r,quę,s forma,S3232,F2,,,
p451_l32_o01,05v,que,uerba,S3232,F2,,,
p451_l32_o12,05v,ambiguitate,dubietate ,S22,F2,,,
p451_l33_o01-02,05v,si possĩ,si ualeo,S22,F3,,,
p451_l33_o03,05v,disserere,manifestare,S22,F2,,,
p451_l33_o09,05v,rerũ ,substantiarũ,S22,F2,,,
p451_l34_o05,05v,ubertati,copie,S22,F2,,,
p451_l35_o08,05v,multa,S̃ uerba,S53,F2,,,
p451_l35_o10,05v,pene,(++)pe,S22,F2,,,
p451_l36_o05,05v,genuit,S̃ uerba,S53,F2,,,
p452_l01_o04,05v,quib;,S̃ uerbiis,S3232,F2,,,
p452_l02_o04,05v,motu ,ĩ modo,S22,F2,,,
p452_l02_o07,05v,eas,terminationes,S3232,F2,,,
p452_l03_o05,05v,traduxit,constituit,S22,F2,,,
p452_l03_o06,05v,quas ,s ipsa natura,S3232,F3,,,
p452_l03_o07,05v,qui,s t̃rminatnes,S3232,F2,,,
p452_l03_o08,05v,perceperit,intellexerit,S22,F2,,,
p452_l04_o01,05v,facilius,leuius,S22,F2,,,
p452_l04_o03,05v,adherentia ,ĩ coherentia,S22,F2,,,
p452_l05_o01,05v,origines,principia exordia,S22,F3,,,
p452_l06_o02,05v,deducuntur;,transformantur,S22,F2,,,
p452_l07_o10,05v,eorũ ,fontiũ,S3232,F2,,,
p452_l08_o03,05v,clausulae,,,,[termi]natio nominũ / uaria pͥma ꝑsona/in por in bor,S53,F4
p452_l08_o08,05v,distinctę;,diuise separate,S22,F2,,,
p452_l09_o02,05v,aut̃ ,ł enĩ,S22,F2,,,
p452_l09_o07,05v,uenientes ,diriuantes,S22,F2,,,
f05v_l24_o06,05v,terminationes,s diriuatione generaliũ,S53,F3,,,
p452_l13_o05,06r,obseruando,custodiendo,S22,F2,,,
p452_l13_o08,06r,positionis ,s uerbi,S412,F2,,,
p452_l14_o06,06r,inuenta,&reperta,S22,F2,,,
p452_l15_o04-05,06r,ante ium ,s̃ seruat᷑ c̃sonans,S53,F3,,,
p452_l15_o08,06r,litigo,rexo,S22,F2,,,
p452_l15_o09,06r,litigium,iurgium,S22,F2,,,
p452_l15_o10,06r,mercor,emtores,S22,F2,,,
p452_l15_o11,06r,commertium,mercimoniũ,S22,F2,,,
p452_l16_o01,06r,obsono ,contradico,S22,F2,,,
p452_l16_o02,06r,obsonium,contradictio ł detractio,S22,F3,,,
p452_l16_o03,06r,uestigo ,porscrutor inquaero,S22,F3,,,
p452_l16_o04,06r,uestigium,inditiũ pedis,S23,F3,,,
p452_l16_o05,06r,edifico,ędẽ fatio/c̃seruo,S23,F3,,,
p452_l16_o06,06r,sacrifico,libo/aliqͣ  oblatio,S22,F3,,,
p452_l17_o01,06r,sacrificium,sacrũ factũ,S25,F3,,,
p452_l17_o02,06r,participo,mancipo cõm(unico),S22,F2,,,
p452_l17_o04,06r,mancipo,,,,,,
p452_l17_o05,06r,mancipium,manu captũ,S25,F2,manu++++abeo,S23,F3
p452_l17_o06,06r,inpero,precipio,S22,F2,,,
p452_l17_o07,06r,inperium,p̃ceptũ,S22,F2,,,
p452_l18_o02,06r,conuiuium,a cummunione uescenciũ̃/nomen habens,S54,,,,
p452_l18_o03,06r,prandeo,comedo,S22,F2,p̃sens sedeo,S54,F3
p452_l18_o05,06r,gaudeo,letor,S22,F2,,,
p452_l18_o07,06r,presideo,auxilio,S22,F2,,,
p452_l19_o03,06r,remedium,medela,S22,F2,adiutorium,S22,F2
p452_l19_o05,06r,conubium,copulatio uiri et femine,S23,F3,,,
p452_l20_o01,06r,fastidio,nauseo,S22,F2,,,
p452_l20_o04,06r,consulo,,,,consulo te int̃rogo/consulo tibi ĩꝓuideo,S41,F4
p452_l20_o11,06r,consilum,ac̃sulendo dictũ.,S54,F3,,,
p452_l21_o01,06r,obsequor,obedio pareo,S22,F2,,,
p452_l21_o05,06r,domunculo,domũ facio,S23,F3,,,
p452_l21_o06,06r,domicilium,parua casida,S23,F3,,,
p452_l22_o01,06r,solsto ,solstat,S331,F2,,,
p452_l22_o02,06r,solsticium ,Solis stadiũ,S54,F3,,,
p452_l22_o03,06r,iusto ,adsto lucto,S22,F3,,,
p452_l22_o04,06r,iusticium ,luctus publicus,S23,F3,,,
p452_l22_o05,06r,cerno ,sedes,S22,F2,,,
p452_l22_o06,06r,silicernium,senes incuru /Infirmitas senũ,S23,F3,,,
p452_l22_o08-09,06r,ante iculum;,s̃ c̃seruatꝰ consonans positionis,S53,F4,,,
p452_l23_o02,06r,ridiculum,Fraus siue irrisio,S22,F3,,,
p452_l23_o03,06r,perpendo ,Libro / coequo ,S22,F3,ꝑpendiculũ dt᷑ ++ /coequant᷑ maceria,S23,F4
p452_l23_o05,06r,euerso,destruo,S22,F2,,,
p452_l23_o06,06r,euersiculum,euersio,S22,F2,,,
p452_l23_o07,06r,deuerto ,qͣsi at euerto,S221,F3,,,
p452_l24_o01,06r,deuerticulum ,quasi ipsa declinatio,S53,F3,,,
p452_l24_o02,06r,ueo,a ueando,S54,F3,,,
p452_l24_o03,06r,uehiculum,potest di plautrũ ,S22,F4,,,
p452_l24_o04,06r,Pereo,obeo [d?++or ?],S22,F2,,,
p452_l24_o05,06r,periculum,discrim̃,S22,F2,,,
p452_l24_o07,06r,ferculum,Uas ubi cibu ferunt̃,S23,F4,,,
p452_l25_o01,06r,uincio,constringo necto  ,S22,F3,uinco supero,S22,F2
p452_l25_o04,06r,cingulum,a cingendo,S54,F3,,,
p452_l25_o08,06r,iaculum,nisi lũ s̃ nomina,S53,F4,,,
p452_l26_o06-07,06r,ĩ .imen. ,s̃ que seruant consonantẽ uerbi,S53,F4,,,
p452_l26_o10,06r,regimen,gubernatio regis,S23,F3,,,
p452_l27_o01,06r,tego,cooperio ,S22,F2,,,
p452_l27_o02,06r,tegimen,cooperimentũ,S22,F2,,,
p452_l27_o04-05,06r,ante cunđ.,s̃ seruat᷑ consonan positionis,S53,F4,,,
p452_l28_o03,06r,uerecunđ,ꝗ habet uerecundiã,S23,F4,,,
p452_l28_o11,06v,quoque,s silimit̃,S22,F2,,,
p452_l29_o01,06v,quorum,s̃ nominũ,S3232,F2,,,
p452_l29_o05,06v,pleraq;,plurima,S22,F2,,,
p452_l30_o03,06v,quae,uerba,S3232,F2,,,
p452_l31_o01,06v,significationem,sensũ,S22,F2,,,
p452_l31_o05,06v,uerbaliter,qͣsi ꝑũba,S22,F2,,,
p452_l31_o10,06v,presertim,ĩ maxime ł ominino,S22,F2,,,
p453_l02_o02,06v,ubiq;,in õni nomine,S53,F3,,,
p453_l02_o06,06v,positionis ,s̃ pͥme persone,S53,F3,,,
p453_l03_o02,06v,sole,s littere due.,S53,F3,,,
p453_l04_o03,06v,presentis ,tẽporis indicatiui,S53,F3,,,
p453_l05_o08,06v,censor,iudex,S22,F2,,,
p453_l04_o11,06v,defensor,ꝓtector,S22,F2,,,
p453_l04_o12,06v,conusltor,inꝗsitor consiliarius,S22,F3,,,
p453_l05_o01,06v,amator,dilector,S22,F2,,,
p453_l05_o02,06v,uenator,inse[quor] ferarũ ,S23,F3,,,
p453_l05_o03,06v,lector,ab oficiũ legendi,S54,F3,,,
p453_l05_o04,06v,petitor,postulator ,S22,F2,,,
p453_l05_o05,06v,auditor,discipulus dr̃,S22,F3,,,
p453_l08_o11,06v,desinentium,terminanaciũ,S22,F2,,,
p453_l09_o04,06v,seruantium ,(pr)eseruant,S54,F2,,,
p453_l09_o07,06v,sudo,labor,S22,F2,,,
p453_l10_o04,06v,clamor,ꝓira ponit᷑,S23,F3,,,
p453_l10_o05,06v,obsono,c̃tradico,S22,F2,,,
p453_l10_o06,06v,opsonor,detractio  oblocucio,S22,F3,,,
p453_l10_o08,06v,error,uagor  ,S22,F2,,,
p453_l10_o09,06v,rubeo,ꝓcolore ,S53,F3,,,
p453_l10_o10,06v,rubor,uerec̃d,S22,F2,,,
p453_l10_o11,06v,marceo,defitio areo tabesco siue macior,S22,F3,,,
p453_l11_o02,06v,candeo,splendor,S22,F2,,,
p453_l11_o03,06v,candor,albor,S22,F2,,,
p453_l11_o04,06v,algeo,a frigeo,S54,F3,,,
p453_l11_o05,06v,algor,frigus,S22,F2,,,
p453_l11_o07,06v,olor,odor,S22,F2,,,
p453_l11_o08,06v,timeo,& timiditas,S22,F2,,,
p453_l11_o09,06v,tenor,acentꝰ,S22,F2,,,
p453_l28_o08,06v,stupeo ,admiro,S22,F2,,,
f06v_l24_o04,06v,stupor ,admiratio,S22,F2,,,
p453_l12_o03,06v,horreo.,timeo,S22,F2,,,
p453_l12_o05,06v,ferueo ,ardeo incendo,S22,F2,,,
p453_l12_o06,06v,feruor,calor,S22,F2,,,
p453_l12_o07,06v,strideo,stride porcoru,S23,F3,,,
p453_l13_o04,07r,canor,ipsa modulatio ,S22,F3,,,
p453_l13_o05,07r,canor,dr̃ melodia ,S22,F4,,,
p453_l13_o06,07r,sapio,intelligo,S22,F2,,,
p453_l13_o08,07r,furo,insanio  ,S22,F2,,,
p453_l14_o02,07r,furor,ipsa iracundia,S22,F3,,,
p453_l14_o09,07r,sopio,dormio,S22,F2,,,
p453_l14_o10,07r,sopor ,ipsa quies sõnii,S22,F3,,,
p453_l14_o03,07r,liquor,defluo,S22,F2,,,
p453_l14_o04,07r,liq;ris,uerbum/illu liquans,S23,F3,,,
p453_l15_o01,07r,quorũ,nominũ p̃ dictoꝝ,S53,F3,,,
p453_l15_o06,07r,penultimã ,s. sillabã.,S53,F2,,,
p453_l17_o02,07r,madeo,umifio,S22,F2,,,
p453_l17_o03,07r,madidus,umiđ,S22,F2,,,
p453_l17_o05,07r,splendidus,luciđ /fulgidus ,S22,F3,,,
p453_l17_o06,07r,sordeo,squaleo,S22,F2,,,
p453_l17_o07,07r,sordidus , tͫpisseđ ,S22,F2,,,
p453_l17_o08,07r,frigeo,algeo,S22,F2,,,
p453_l19_o03,07r,torreo ,arefio uro,S22,F2,,,
p453_l19_o04,07r,torridus,arefactꝰ siccus,S22,F2,,,
p453_l19_o05,07r,ferueo ,Splendo / studeo,S22,F3,,,
p453_l19_o06,07r,feruidus,caliđ,S22,F2,,,
p453_l18_o07,07r,tepidus,dr̃ tẽperatꝰ,S22,F2,,,
p453_l18_o09,07r,stupidus,timidus. siue admirans,S22,F2,,,
p453_l19_o02,07r,aridus ,siccꝰ,S22,F2,,,
p453_l19_o07,07r,rapio ,tollo /aufero,S22,F3,,,
p453_l19_o08,07r,rapidus,agilis /uelox,S22,F3,,,
p453_l19_o09,07r,cupio ,desidero ,S22,F2,,,
p453_l19_o10,07r,cupidus,auidus,S22,F2,,,
p453_l20_o02,07r,uiuidus,sagax & agilis,S22,F2,,,
p453_l20_o06,07r,fluuidus,decurrens ł fluens,S22,F3,,,
p453_l21_o03,07r,ꝓferuntur,dic̃t᷑,S22,F2,,,
p453_l21_o05,07r,prandus,opulator,S22,F2,,,
p453_l21_o06,07r,trepidus,r,S611,F1,,,
p453_l21_o11,07r,trepido,formido,S22,F2,,,
p453_l26_o01-02,07r,ante clausulã,ante terminacionis,S22,F3,,,
p453_l26_o03,07r,seruantia,& habentia,S22,F2,,,
p453_l26_o05,07r,teges,ipsũ cooperimentũ,S22,F3,,,
p453_l26_o06,07r,mergo,infundo  ⁊  inolino,S22,F3,coruus maritimꝰ dr,S23,F4
p453_l26_o10,07r,luo,penas soluo ,S22,F2,,,
p453_l26_o09,07r,cedes,clades ꝑcutio,S22,F3,,,
p453_l27_o02,07r,struo,congero,S22,F2,,,
p453_l28_o04,07r,torqueo,Affligo / uereo,S22,F3,,,
p453_l28_o05,07r,torquis,circulus aureus /a torquendo,S23,F3,,,
p453_l29_o04,07r,fatilis , leuis/qͣsi possibilis,S22,F3,,,
p453_l29_o06,07r,utilis ,uibilis/uelox,S22,F3,,,
p453_l29_o07,07r,efutio ,inanesco,S22,F2,,,
p453_l29_o08,07r,efutilis,uacuus instabilis,S22,F3,,,
p453_l28_o12,07r,docibilis,ꝗ facile poti doceri,S23,F4,docibilis dr̃ sermo ꝗ facile  discit᷑,S23,F4
p453_l29_o12,07r,occido,ex ob& cado,S54,F3,,,
p453_l29_o01,07r,nubo,muliem du{xi},S23,F3,,,
p453_l29_o02,07r,nubilis ,nubilis dr̃ apta ad,S23,F4,,,
p453_l30_o01,07r,occiduus,occidentalis,S22,F2,,,
p453_l30_o02,07r,p̃do,uasto,S22,F2,,,
p453_l30_o03,07r,p̃duus ,ꝓpmtꝰ p̃de ,S22,F3,,,
p453_l30_o04,07r,cedo,paucior ãbulo / in,S22,F3,,,
p453_l30_o08,07v,perspicuus ,ꝗ bene potest ꝑspicere,S23,F3,,,
p453_31_o01,07v,duido ,secaro ,S22,F2,,,
p453_31_o02,07v,diuiduus,diuisibilis ⁊ mobilis,S22,F3,,,
p453_31_o03-05,07v,item in .ulus.,seruat &iã c̃sonans,S53,F2,,,
p453_31_o07,07v,bibulus ,potator ꝗ non sit satꝰ,S23,F4,,,
p453_31_o09,07v,pendulus,[ꝗ] indiget auxilio alterius,S23,F4,,,
p453_31_o11,07v,credulus, ꝗ dignꝰ ÷ ut credat᷑/ ꝗ facile cređ ,S23,F4,,,
p453_l32_o01,07v,strido,sono,S22,F2,,,
p453_l32_o04,07v,gerulus,portator,S22,F2,,,
p453_l32_o06,07v,legulus,assiduus in lectione,S23,F3,,,
p453_l32_o08,07v,murilegulus,captator  mures,S23,F3,,,
p453_l33_o01,07v,tremo ,mobo ł,S22,F2,,,
p453_l33_o02,07v,tremulus,titubans ñ finiꝰn,S23,F3,,,
p453_l33_o03,07v,cerno ,inclino uideo ,S22,F2,,,
p453_l33_o04,07v,cernulus,inspector,S22,F2,,,
p453_l33_o05,07v,queror,reclamo,S22,F2,,,
p453_l33_o06,07v,querulus,questor /quasi reclamator ,S22,F3,,,
p453_l33_o07,07v,adopto,associo,S22,F2,,,
p453_l33_o08,07v,adoptulus,quasi adoptiuus,S22,F2,,,
p454_l01_o06,07v,uoro ,comedo ,S22,F2,,,
p454_l01_o07,07v,uorax,commesor,S22,F2,,,
p454_l01_o09,07v,audax,statis animo,S22,F3,,,
p454_l01_o11,07v,tumans,inflatꝰ,S22,F2,,,
p454_l01_o12,07v,contumeo,suꝑb;,S22,F2,,,
p454_l02_o01,07v,contumax,arrogans c̃tem̃tor ,S22,F2,,,
p454_l02_o03,07v,tenax,parcus /auarꝰ ł ꝗcqđ conglutinat,S23,F4,,,
p454_l02_o05,07v,dicax ,loquax /eloquens ł multũ loquens,S22,F2,,,
f07v_o08_o04,07v,carax,indiguus,S22,F2,,,
p454_l02_o08,07v,rapio,aufero,S22,F2,,,
p454_l02_o10,07v,perspicio,totũ uideo,S23,F3,,,
p454_l03_o01,07v,perspicax,diluciđ manifestꝰ,S22,F3,,,
p454_l03_o03,07v,efficax,acius uelox,S22,F2,,,
p454_l03_o04,07v,fallo,,,,,,
p454_l03_o05,07v,fallax,decptor,S22,F2,,,
p454_l03_o07,07v,emax,negotiator,S22,F2,,,
p454_l03_o09,07v,uiuax,ꝗ diu uiuit,S23,F4,,,
p454_l02_o07,07v,capax,c̃tinens,S22,F2,,,
p454_l03_o10,07v,sagio,p̃sagio / diuino,S22,F3,,,
p454_l04_o01,07v,sagax,agilis astutus,S22,F2,,,
f07v_l11_o04,07v,presagax,p̃scius futura,S23,F3,,,
p454_l04_o04,07v,salax,ꝗ frequent̃ sallit,S23,F4,,,
p454_l05_o07,07v,latex,foris eoqđ latet,S23,F4,,,
p454_l05_o09,07v,uertex,sumitas capitis,S22,F2,,,
p454_l05_o11,07v,terminacionibus,s̃ in nomine,S53,F3,,,
p454_l07_o06,07v,clausulam,t̃minacionẽ,S22,F2,,,
p454_l09_o04,07v,stabulum,a stanto?,S54,F3,,,
p454_l09_o07,07v,uocabulũ,dr̃ nom̃ in corporalis rei seu in/animabus,S23,F4,,,
p454_l09_o10,07v,patibulum,crux  ł torm̃ta,S22,F2,,,
p454_l10_o03,07v,fundibulum,locꝰ ubi aliꝗd funditur,S23,F4,,,
p454_l11_o03,07v,ludo,scribo ⁊ ioco,S22,F3,,,
p454_l12_o03,07v,furibundus,insanꝰ,S22,F2,,,
p454_l17_o05,08r,scriba,legis doctor,S23,F3,,,
p454_l17_o07,08r,pronuba,mulier ꝗ disponit nuptias,S23,F4,,,
p454_l17_o09,08r,fuga ,ipsa ꝓfeccio ,S22,F3,,,
p454_l17_o10,08r,profugio,porro fugio,S54,F3,,,
p454_l18_o03,08r,aduenio,peregrinꝰ,S22,F2,,,
p454_l18_o07,08r,lenio,blandior,S22,F2,,,
p454_l18_o08,08r,lena,sillex,S22,F2,,,
p454_l18_o05,08r,conuenio,Adolator / deceptrix,S22,F3,,,
p454_l18_o06,08r,conuena,ꝗ simulcũ aliis conuenit,S23,F4,,,
p454_l18_o10,08r,adsecula,qͣsi serui militis,S23,F3,,,
p454_l19_o07,08r,terrigena,ex t̃ra genitus,S54,F3,,,
p454_l19_o08,08r,conuiuo,c̃ alia uiuo ,S54,F3,,,
p454_l19_o09,08r,conuiua,comescor manduco,S22,F3,,,
p454_l20_o02,08r,insidiae,deceptiones,S22,F2,,,
p454_l20_o08,08r,suadeo,ortor,S22,F2,,,
p454_l20_o09,08r,suadela,oratio,S22,F2,,,
p454_l21_o05,08r,lucina,luna,S22,F2,,,
p454_l21_o08,08r,ruo,cado,S22,F2,,,
p454_l21_o09,08r,ruina,euersio,S22,F2,,,
p454_l21_o10,08r,rapio,tollo,S22,F2,,,
p454_l21_o11,08r,rapina, p̃da,S22,F2,,,
p454_l22_o01,08r,cubo,a cubando,S54,F3,s genꝰ monstri,S23,F3
p454_l23_o03,08r,epulo,comedo ,S22,F2,,,
p454_l23_o02,08r,epulor,uorax cõmesor,S22,F3,,,
p454_l23_o05,08r,latro,a latendo,S54,F3,,,
p454_l23_o06,08r,lenio,deceptor,S22,F2,,,
p454_l23_o07,08r,leno,seductor,S22,F2,,,
p454_l23_o08,08r,comedo,gluto,S22,F2,,,
p454_l23_o09,08r,palpo,,,,palpo potest dici papilio/at palpo potest dici ?,S22,F4
p454_l23_o10,08r,uerbero,ꝑcucuio,S22,F2,,,
p454_l23_o11,08r,incubo,genꝰ demonũ,S52,F3,,,
p454_l25_o07,08r,turpedo,foditas,S22,F2,,,
p454_l25_o08,08r,cupio,desidero ,S22,F2,,,
p454_l25_o09,08r,cupido,ꝗdã deus,S554,F3,,,
p454_l25_o11,08r,libido ,uoluptas,S22,F2,,,
p454_l25_o12,08r,formido,terror timor,S22,F2,,,
p454_l26_o03,08r,caligo,qͣsi cecitas,S22,F2,,,
p454_l26_o04,08r,propago ,ad ui nite res ꝑtinet,S23,F4,,,
p454_l26_o07,08r,comedo,manduco,S22,F2,,,
p454_l27_o09,08r,opinor,estimo,S22,F2,,,
p454_l27_o10,08r,opinio,autumatio,S22,F2,,,
p454_l28_o08,08r,positionis ,s̃ ũbi,S53,F2,,,
p454_l28_o10,08r,parto,indulgeo,S22,F2,,,
p454_l29_o01,08r,parcus,abstinens frui,S23,F3,,,
p454_l29_o04,08r,ludo,iocor,S22,F2,,,
p454_l29_o05,08r,ludus,iocus,S22,F2,,,
p454_l29_o07,08r,fidus,in quo fiducia habet᷑/amicus,S23,F4,,,
p454_l29_o08,08r,pando,aperio,S22,F2,,,
p454_l29_o09,08r,pandus,aprtus,S22,F2,,,
p454_l29_o11,08r,lucꝰ,nemora silua,S22,F2,,,
p454_l30_o01,08r,arceo,uello,S22,F2,,,
p454_l30_o02,08r,arcus,ab arcendo,S54,F3,,,
p454_l30_o03,08r,metuo, aciđt,S42,F2,,,
p454_l30_o09,08r,multiscius,multa sciens,S24,F3,,,
p454_l30_o10,08r,inscius,noscius,S22,F2,,,
p454_l31_o01,08r,p̃scius,antescius,S22,F2,,,
p454_l31_o03,08r,refluus,retro currens,S23,F3,,,
p454_l31_o07,08r,inuideo,ꝗ fert inuidiã,S54,F2,,,
p454_l31_o10,08r,ꝓfugus,porro fugatus,S24,F2,,,
p454_l32_o03,08v,luctificus,luctũ faciens,S23,F3,,,
p454_l32_o04,08v,terrificus,t̃rore m̃ fatiens,S23,F3,,,
p454_l32_o06,08v,beneficus,fatiens bene,S23,F3,,,
p454_l32_o08,08v,ueneficus,tentator ł seductor,S22,F3,,,
p454_l33_o03,08v,fatidicus,diuͥnꝰ,S22,F2,,,
p454_l33_o09,08v,beneuolus,ꝗ bene uult ,S23,F4,,,
p454_l33_o10,08v,maliuolus,inuiđ,S22,F2,,,
p455_l01_o09,08v,naufragus,ꝗ cađ de naue,S23,F4,,,
p455_l02_o11,08v,uadũ,locus in fluminib;,S23,F3,,,
p455_l03_o03,08v,uadis,fideiussor,S22,F2,,,
p455_l03_o05,08v,scalprum,ab incidendũ,S23,F3,,,
p455_l03_o07,08v,fulcrũ,ornamentũ lecti,S23,F3,,,
p455_l03_o09,08v,iugũ,a iugendo,S54,F3,,,
p455_l05_o08,08v,rara,pauca,S22,F2,,,
p455_l06_o04,08v,inceptiuã,inchoatiuam,S22,F2,,,
p455_l07_o04,08v,clausulã,t̃minacione,S22,F2,,,
p455_l09_o13,08v,cornicen,cornu carens,S24,F3,,,
p455_l09_o14,08v,liticen,lituo canens,S24,F3,,,
p455_l09_o15,08v,tibicen,musatores,S22,F2,,,
p455_l10_o05,08v,compos,sotius siue effector uotiui,S22,F3,,,
p455_l10_o08,08v,auxpex,inspector auiũ aurator,S23,F3,,,
p455_l11_o01,08v,opifex,adiutoriũ fatiens,S23,F3,,,
p455_l11_o06,08v,auceps,aues capiens,S54,F3,,,
p455_l11_o09,08v,obex,oppositio,S22,F2,,,
p455_l12_o01,08v,p̃ses,ꝗ alios excellit,S23,F4,,,
p455_l12_o03,08v,deses,stultꝰ inconstans desidios,S22,F2,,,
p455_l12_o07,08v,quies,reꝗes,S22,F2,,,
p455_l15_o05,08v,in tor in trix,ł,S611,F1,,,
p455_l17_o04,08v,diriuationibus,,,,(sdr) hoc ẽ in diriuatiuis nominib;,S53,F4
p455_l18_o03,08v,mutatione,ꝑẽuersionẽ,S22,F2,,,
p455_l18_o10,09r,orac[ulũ],responsũ diuinũ,S22,F3,,,
p455_l19_o02,09r,ꝓpugnanculũ,torris ubi pugnatiũ,S23,F3,,,
p455_l19_o03,09r,fundamentum,s̃ stabilitas dοmoru,S23,F3,,,
p455_l19_o05,09r,sacram̃tũ,secretũ ł ocrultũ / ⁊ iuramentũ,S22,F3,,,
p455_l19_o06,09r,munimentũ,ꝓtectio ł tutela / scutũ,S22,F3,,,
p455_l20_o01,09r,alimentũ,cib; qualiscũq; /pabulũ,S22,F3,,,
p455_l20_o02,09r,incrementũ,aum̃tũ increm̃tũ,S22,F3,,,
F09r_l04_o02,09r,numen ,potestas diuina,S23,F2,,,
p455_l20_o03,09r,solamen,Solatiũ / auxiliũ,S22,F3,,,
p455_l20_o04,09r,foramen,tenebracio aliqͣ,S22,F2,,,
p455_l20_o05,09r,purgamen,purificatio,S22,F2,,,
p455_l20_o06,09r,fl[amen],[sa]cerdotũ iouis significat,S554,F4,,,
p455_l21_o01,09r,liquamen,res humida ◌͛ humida res,S22,F3,,,
p455_l21_o02,09r,certamen,pugnam̃ ,S22,F2,,,
p455_l21_o03,09r,agmen,pugna,S22,F2,,,
p455_l21_o04,09r,fragmen,mole,S22,F2,,,
f09r_l06_o01,09r,linimen,aliqua unctura,S23,F3,,,
p455_l21_o07,09r,flumen,aqͣ currens,S23,F3,,,
p455_l22_o02,09r,amabilis,dignꝰ amore,S23,F3,,,
p455_l22_o04,09r,laudabilis,dignꝰ laude,S23,F3,,,
p455_l22_o08,09r,mobilis,ꝗ motũ patitur,S23,F3,,,
p455_l27_o10,09r,probatio,exa,S22,F2,,,
p455_l28_o06,09r,equatio,p̃portio,S22,F2,,,
p455_l29_o01,09r,exhibitio,adtributio,S22,F2,,,
p455_l28_o07,09r,obseruatio,custodia,S22,F2,,,
p455_l28_o03,09r,obiurgatio,increpatio,S22,F2,,,
p455_l29_o07,09r,bellator,seruat᷑,S22,F2,,,
p455_l30_o02,09r,fultor,sustentator,S22,F2,,,
p455_l30_o03,09r,fultrix,adminiculatrix,S22,F2,,,
p455_l30_o04,09r,victor,discipuli,S22,F2,,,
p455_l30_o06,09r,petitor,a petendo,S54,F3,,,
p456_l01_o03,09r,eo,ipsũ documentũ  ,S3232,F3,,,
p456_l01_o04,09r,doctrina,sapientia,S22,F2,,,
p456_l01_o05,09r,tonsor,ꝗ aliꝗd tondit,S54,F4,,,
p456_l01_o07,09r,tonstrina,ipsa res ł domus,S23,F3,,,
p456_l01_o010,09r,textrina,offitiale nom̃,S222,F3,,,
p456_l02_o01,09r,optatiuus,desideratiuus,S22,F2,,,
p456_l02_o04,09r,subtilitiuus,subiectiuus,S22,F2,,,
p456_l03_o13,09r,mutatione,c̃uersione,S22,F2,,,
p456_l04_o08,09r,uisio,ꝑspicuitas,S22,F2,,,
p456_l05_o02,09v,iussor,ꝗ imperit,S23,F4,,,
p456_l05_o03,09v,suasor,adortator,S22,F2,,,
p456_l05_o05,09v,pransor,epulator,S22,F2,,,
p456_l05_o09,09v,lusor,ioculatores,S22,F2,,,
p456_l05_o10,09v,uisibilis,que uidet᷑,S23,F4,,,
p456_l06_o01,09v,plausibilis,ꝑuissibilis,S22,F2,,,
f09v_l03_o01,09v,passibilis,mutabilis,S22,F2,,,
p456_l06_o02,09v,sensibilis,ꝗ potest sentiri,S23,F4,,,
p456_l06_o03,09v,missibilis,aptis ad mittendũ ,S23,F3,,,
p456_l06_o05,09v,flatilis,qui◌̾ sub÷ flabilis ł inanis,S23,F3,,,
p456_l06_o06,09v,fictilis,cõpossibilis,S22,F2,,,
p456_l06_o08,09v,altilis,++++ ł saginatus,S22,F2,,,
p456_l06_o10,09v,scriptilis,abilis ad scribendũ ,S23,F3,,,
p456_l07_o01,09v,tortilis,funis,S22,F2,,,
p456_l07_o04,09v,aduectitius,deportatitius,S22,F2,,,
p456_l07_o05,09v,commentatitius,excogitatiuus ł argum̃tatiuus,S22,F3,,,
p456_l08_o03,09v,statio,ipsa res,S22,F2,,,
p456_l08_o09,09v,cedo,diuido,S22,F2,,,
p456_l10_o09,09v,rupes,saxe,S22,F2,,,
p456_l10_o10,09v,ambigo,dubito,S22,F2,,,
p456_l10_o11,09v,ambages,dubietates,S22,F2,,,
p456_l13_o03,09v,diriuatiue, dct̃r᷑ a uerƀ,S521,F4,,,
p456_l14_o03,09v,amandus,dignꝰ amari,S23,F3,,,
p456_l16_o06-07,09v,in accidentib; ,in adiectiuis,S22,F3,,,
p456_l17_o04,09v,uocabulis,nominib;,S22,F2,,,
p456_l18_o03,09v,pictura,immago,S22,F2,,,
p456_l18_o07,09v,censura,res ad iudicatio,S23,F2,,,
p456_l18_o05,09v,litura,linitio,S22,F2,,,
p456_l20_o07,09v,adminiculo,ausilio,S22,F2,,,
p456_l20_o08,09v,repperire,inuenire,S22,F2,,,
p456_l32_o02,10r,contentus,suffitiens,S22,F2,,,
p456_l33_o07,10r,temtabo,p,S611,F1,,,
p456_l36_o09,10r,ostendere,manifestare,S22,F2,,,
p457_l04_o06,10v,mere,iđ pure,S22,F2,,,
p457_l05_o03,10v,nomibus,ni,S611,F1,,,
p457_l05_o05,10v,propriis,,,,++++modi uerbis +propriis,S53,F4
p457_l06_o10,10v,accidentibus,ĩadiectiuis,S22,F3,,,
p457_l08_o02,10v,superuacua,suꝑflua,S22,F2,,,
p457_l08_o04,10v,traductio,deriuacio,S22,F2,,,
p457_l10_o03,10v,clementia,misericordia,S22,F2,,,
f10v_l09_o03,10v,dementia,insania,S22,F2,,,
p457_l10_o04,10v,sollertia,prudentia sagacitas,S22,F3,,,
p457_l10_o05,10v,inertia,pigritia ł stultitia,S22,F2,,,
p457_l11_o03,10v,acredo ,acerbitas,S22,F2,,,
p457_l11_o06,10v,seueritas,crudelitas,S22,F2,,,
f10v_l12_o01,10v,hospitalitas,receptio hospitũ,S23,F3,,,
p457_l12_o01,10v,paupertas,egestas,S22,F2,,,
p457_l14_o08,10v,pene, ñ õnes,S521,F3,,,
p457_l15_o05,10v,turba,cont᷑bacio,S22,F2,,,
p457_l16_o06,10v,predor,deponens uasto,S331,F3,,,
p457_l16_o09,10v,fuga ,dr̃ fugitiuus,S22,F3,,,
p457_l16_o10,10v,fugo,repẽllo ac,S22,F2,,,
p457_l17_o02,10v,stillo,defluo,S22,F2,,,
p457_l17_o05,10v,stipulor,int̃rogo ł inꝗro spondeo,S22,F3,,,
p457_l18_o02,10v,trutina,libra eꝗ lanx,S23,F3,,,
p457_l18_o03,10v,trutino,equo,S22,F2,,,
p457_l18_o04,10v,machina,instrum̃tũ qđcũq; p̃paratũ ad insidias,S23,F4,,,
p457_l18_o05,10v,machinor,molior fraudẽ g̃ deponens,S23,F3,,,
p457_l18_o07,10v,pugna,p̃liũ aliqđ,S22,F3,,,
p457_l19_o02,10v,nundine,mercata pubica,S23,F3,,,
p457_l19_o03,10v,nundinor,mercator,S22,F2,,,
p457_l20_o01,10v,aquor,aquã deportor,S23,F3,,,
p457_l20_o05,10v,moror,tardo,S22,F2,,,
p457_l20_o06,10v,moras,tardas,S22,F2,,,
p457_l20_o07,10v,quadra,qͣsi diuido,S22,F2,,,
p457_l20_o08,10v,quadror,quadruplo,S22,F2,,,
p457_l20_o10,10v,cura,mundata,S22,F2,,,
p457_l20_o11,10v,curo,expio,S22,F2,,,
p457_l21_o04,10v,causor,testor,S22,F2,,,
p457_l21_o09,10v,roto,uoluo,S22,F2,,,
p457_l21_o11,11r,multo,uindico punio,S22,F2,,,
p457_l22_o03,11r,rixo,obiurgo,S22,F2,,,
p457_l22_o05,11r,lixa,ł aqua/mercenarius,S22,F3,,,
p457_l22_o06,11r,elixo,aliꝗd aq(uor ?)/c̃tendo,S23,F3,,,
p457_l23_o01,11r,bacha,lauriẽ ,S22,F2,,,
p457_l23_o02,11r,bachor,ł idem stomachorł irascor,S22,F2,,,
p457_l26_o07,11r,prob;,idoneus strenuus sagax,S22,F2,,,
p457_l26_o11,11r,opacus,spissus ũbrosus ,S22,F2,,,
p457_l27_o01,11r,opaco,denseo,S22,F2,,,
p457_l27_o04,11r,amico,amititias cõpono,S23,F3,,,
p457_l27_o07,11r,nudus,discooꝑtꝰ,S22,F2,,,
p457_l27_o10,11r,fedus,turpis ,S22,F2,,,
p457_l28_o01,11r,foedo,amiciciã sig̃ne,S23,F3,,,
p457_l28_o04,11r,uagus,instans,S22,F2,,,
p457_l28_o09,11r,pio,purgo,S22,F2,,,
p457_l30_o06,11r,serenus,tranquillus,S22,F2,,,
p457_l30_o09,11r,uno,ad(uno)/c̃grego ,S22,F2,,,
p457_l30_o10,11r,unas,ad,S611,F1,,,
p457_l31_o02,11r,hibernus,dr̃ ultima pars hiemis,S23,F4,,,
p457_l31_o05,11r,crispus,c̃cussus,S22,F2,,,
p457_l32_o03,11r,obliquus,c̃tortus,S22,F2,,,
p457_l32_o04,11r,obliquo,,,,,,
p457_l33_o02,11r,ignarus,inscius,S22,F2,,,
p457_l33_o06,11r,lassus,fatigatus,S22,F2,,,
p457_l33_o11,11r,dilato,ãplifico,S22,F2,,,
p457_l34_o02,11r,letor,exulto,S22,F2,,,
p457_l34_o04,11r,aptus,cõtus,S22,F2,,,
p457_l34_o05,11r,apto,c̃iungo assotio,S22,F3,,,
p457_l34_o07,11r,sollicitus,curiosus,S22,F2,,,
p457_l34_o08,11r,sollicito,curã ago,S22,F2,,,
p457_l35_o01,11r,cruentus,atrox crudelus,S22,F2,,,
p457_l35_o02,11r,cruento,asꝑgo ł lacero,S22,F3,,,
p457_l35_o05,11r,laxus,ñ bene c̃iuntus,S23,F3,,,
p457_l35_o06,11r,laxo,relinquo,S22,F2,,,
p457_l35_o09,11r,uiduus,quasi diuisus/a muliere,S23,F3,,,
p458_l01_o05,11r,fixis,dr̃ stabilis,S22,F4,,,
p458_l02_o10,11r,stimulo,pungo,S22,F2,,,
p458_l03_o06,11r,terminus,finis meta,S22,F3,,,
p458_l03_o07,11r,termino,finẽ fatio,S54,F4,,,
p458_l02_o02,11r,grecor,more grecorũ ago,S23,F4,,,
p458_l02_o05,11r,uulgus,multitudo ho/minum,S23,F3,,,
p458_l02_o06,11r,uulgo,manifesto,S22,F2,,,
p458_l03_o10,11r,perenno,toto anno inopere persisto,S23,F4,,,
p458_l03_o03,11r,sono,resono,S22,F2,,,
p458_l04_o07,11r,numero,cõputo,S22,F2,,,
p458_l05_o07,11r,stomachor,irascor /ł  insanio,S22,F3,,,
p458_l06_o06,11r,libũ,sacrificͥũ,S22,F2,,,
p458_l06_o11,11r,uelo,cooperio,S22,F2,,,
p458_l06_o13,11r,colum,ubi lac mundatur,S23,F4,,,
p458_l07_o06,11v,peculiũ,pro onum substantia ponitur,S23,F4,,,
p458_l07_o07,11v,peculior,peculiã aufero,S23,F4,,,
p458_l08_o09,11v,armo,accingo,S22,F2,,,
p458_l08_o12,11v,stagnũ,aqua q; ñ decurritur,S23,F4,,,
p458_l11_o03,11v,liber,ingenuus,S22,F2,,,
p458_l11_o04,11v,libero,eripio,S22,F2,,,
p458_l11_o06,11v,sacer,sc̃r,S22,F2,,,
p458_l11_o07,11v,sacro,scĩfico,S22,F2,,,
p458_l11_o11,11v,peragro,incedo,S22,F2,,,
p458_l12_o02,11v,integro,perfitio,S22,F2,,,
p458_l12_o04,11v,miser,infelix,S22,F2,,,
p458_l12_o05,11v,miseror,acõ,S22,F2,,,
p458_l14_o01,11v,saturo,satio,S22,F2,,,
p458_l13_o06,11v,minister,Cp  ł minor sit in stacione,S23,F4,,,
p458_l16_o01,11v,obseruatis,consideratis,S22,F2,,,
p458_l17_o05,11v,contio,coadunatio,S22,F2,,,
p458_l17_o07,11v,contionor,multitudini alloquor,S23,F3,,,
p458_l17_o08,11v,ordo,dispositio,S22,F2,,,
p458_l18_o01,11v,ordino,dispono,S22,F2,,,
p458_l19_o13,11v,exulo,extra solũ eitio,S54,F3,,,
p458_l21_o05,11v,uber,habundans,S22,F2,,,
p458_l21_o06,11v,ubero, abundo,S22,F2,,,
p458_l21_o08,11v,agger,tumultus,S22,F2,,,
p458_l21_o09,11v,agero, c̃grego,S22,F2,,,
p458_l23_o09,11v,robur,fortitudo,S22,F2,,,
p458_l23_o10,11v,roboro,c̃firmo,S22,F2,,,
p458_l24_o05,11v,murmur,tumultus,S22,F2,,,
p458_l24_o07,11v,augur,auguriator,S22,F2,,,
p458_l25_o06,11v,nugas,uanꝰ / ł inutilis /recedens a lege,S23,F3,,,
p458_l25_o08,11v,nugor,efecero desitio de(cur)so,S22,F3,,,
p458_l26_o01,11v,uas ,fideiussor,S22,F2,,,
p458_l26_o03,11v,uador,uadiũ do,S54,F4,,,
p458_l26_o07,11v,aries,aliquantã machinã,S222,F3,,,
p458_l26_o08,11v,arieto,more arietis ago,S23,F4,,,
p458_l27_o01,11v,comes,sotius,S22,F2,,,
p458_l27_o02,11v,comitor,simul /tecũ ꝑergo,S23,F3,,,
p458_l27_o04,11v,sedes,quies,S22,F2,,,
p458_l27_o05,11v,sedo,pacifico,S22,F2,,,
p458_l27_o07,11v,locuples,diues copios,S22,F2,,,
p458_l27_o08,11v,locuplo,habundo,S22,F2,,,
p458_l28_o04,12r,heredo,hereditatẽ aufero,S54,F3,,,
p458_l28_o10,12r,turpo,fodo deformo,S22,F3,,,
p458_l29_o02,12r,tenuis,gracilis,S22,F2,,,
p458_l29_o03,12r,tenuo,minuo,S22,F2,,,
p458_l29_o05,12r,tristis,Dolens / mestus,S22,F3,,,
p458_l29_o09,12r,testor,confirmo,S22,F2,,,
p458_l30_o05,12r,orao,precor,S22,F2,,,
p458_l30_o09,12r,roro,inrigo /ł irore ꝑfundo,S23,F3,,,
p458_l30_o13,12r,doto,humefacto,S22,F2,,,
p458_l31_o02,12r,decus,uentus /honor,S22,F3,,,
p458_l31_o03,12r,decoro,orno /uenusto,S22,F3,,,
p458_l31_o05,12r,ulcus,dicitur qđ ex carne ꝓcedit ut scabies sanies,S23,F4,,,
p458_l31_o08,12r,pondus,honus m̃surae,S23,F3,,,
p458_l31_o09,12r,pondero,libro equo,S23,F3,,,
f12R_l06_o01,12r,onus,grauatꝰ,S22,F2,,,
p458_l32_o05,12r,munus,qͣsi munus tribuo,S23,F3,,,
p458_l32_o12,12r,adero ,c̃pono aliꝗđ . aere,S23,F4,,,
p459_l01_o06,12r,fraus,dr̃ furtũ deceptio,S22,F2,,,
p459_l02_o01,12r,nex,mors int̃emptio,S22,F2,,,
p459_l02_o05,12r,uindex,ultor,S22,F2,,,
p459_l02_o07,12r,uindico,punio /ulciscor,S22,F3,,,
p459_l03_o01,12r,remex,nauigator ,S22,F2,,,
p459_l03_o02,12r,remigio,qui cũ ramis agit ĩ nauigo,S23,F4,,,
p459_l03_o05,12r,lego ,dispono astruo c̃firmo,S22,F2,,,
p459_l03_o08,12r,eradico,euełło,S52,F2,,,
p459_l04_o02,12r,cornicor,inanit̃ loquor ł garrio / more cornicis,S23,F3,,,
p459_l04_o04,12r,uox,uocis,S22,F2,,,
p459_l04_o09,12r,pernocto,peruigilo,S22,F2,,,
p459_l05_o01,12r,mercs,lucrũ,S22,F2,,,
p459_l05_o07,12r,hiemo,aer,S22,F2,,,
p459_l05_o09,12r,p̃ceps,impello ,S22,F2,,,
p459_l06_o02,12r,p̃cipito,÷ p̃cipitium patens,S54,F3,,,
p459_l07_o07,12r,aestuo,ebullio ł tardeo,S22,F3,,,
p459_l07_o10,12r,fluctuo,titubo,S22,F2,,,
p459_l08_o01,12r,tumultus,quasi timor multꝰ,S54,F3,,,
p459_l08_o02,12r,tumultuo,c̃tendo,S22,F2,,,
p459_l08_o05,12r,gelo,constringo,S22,F2,,,
p459_l08_o10,12r,rabies,insa(nia),S22,F2,,,
p459_l09_o03,12r,macies,tenuitas corporis,S23,F3,,,
p459_l13_o05,12r,nutus,potestas,S22,F2,,,
p459_l13_o03,12r,nisus,conamen,S22,F2,,,
p459_l19_o04,12v,principium,cognoscat᷑,S611,F2,,,
p459_l19_o09,12v,scriba,doctor ñ officiale,S23,F3,,,
p459_l22_o10,12v,cedes,hec,S313,F2,,,
p459_l23_o04,12v,lues,hec,S313,F2,,,
p459_l23_o08,12v,strues,hec,S313,F2,,,
p459_l24_o05,12v,parcus,abstinens,S22,F2,,,
p459_l25_o02,12v,pando,aperio manifesto,S22,F2,,,
p459_l25_o04,12v,pandus,manifestus,S22,F2,,,
p459_l25_o08,12v,ludo,dis,S611,F2,,,
p459_l26_o03,12v,uiuo,uiuis,S611,F2,,,
p459_l28_o05,12v,t̃minatia ,finienciar[++++],S22,F2,,,
p459_l31_o07,12v,formido,timor,S22,F2,,,
p459_l34_o09,12v,respondent,resonant,S22,F2,,,
p459_l35_o10,12v,tulisse,facta eẽ,S22,F2,,,
p459_l35_o06,13r,Nam, ÷ certe,S22,F2,,,
p460_l06_o09,13r,maxime,puls quam,S22,F2,,,
p460_l07_o01,13r,indesinenter,indistant̃,S22,F2,,,
p460_l14_o09,13r,superuacuo,exsuperfluo,S22,F2,,,
p460_l18_o06,13r,diuersas,ĩ̃ uarias,S22,F2,,,
p460_l20_o02,13v,eodem,modo,S22,F2,,,
p460_l27_o03,13v,congruae,commode,S22,F2,,,
p461_l01_o04,14r,manceps,manu capiens,S54,F3,,,
p461_l05_o10,14r,inesco,cibũ tribuo,S23,F3,,,
p461_l10_o02,14r,radio,luceo splendeo,S22,F2,,,
p461_l10_o04,14r,humo,sepelio/cooperio,S22,F3,,,
p461_l11_o04,14r,cacumino,exacuo,S22,F2,,,
p461_l13_o05,14r,rumen ,sũma pras gule,S23,F3,,,
p461_l17_o01,14r,scortũ,meretrix,S22,F2,,,
p461_l17_o02,14r,scortor,mechor,S22,F2,,,
p461_l17_o06,14r,ingurgito,in mergo,S22,F3,,,
p461_l18_o06,14r,ingurgitasses,p̃cipitasses,S22,F2,,,
p461_l19_o07,14r,procrastino,ꝓduco in cras,S54,F4,,,
p461_l20_o02,14r,conperendino,ꝑmaneο ł tardo.,S22,F3,,,
p461_l23_o03,14v,fore,esse,S22,F2,,,
p462_l06_o01,14v,incrementa,aumenta,S22,F2,,,
p462_l06_o07,14v,uello,rũpo,S22,F2,,,
p462_l07_o05,14v,nutrico,alo,S22,F2,,,
p462_l08_o06,15r,frondico,frondes auello,S23,F3,,,
f15r_l01_o02,15r,debilis,infirmus,S22,F2,,,
p462_l08_o07,15r,debilico,infirmo,S22,F2,,,
f15r_l02_o01,15r,periculũ,discrimen,S22,F2,,,
f15r_l03_o02,15r,gratus,acceptus,S22,F2,,,
p462_l09_o04,15r,gratulor,gaudeo,S22,F2,,,
p462_l10_o03-04,15r,opẽ tuli,adiuuaui,S22,F2,,,
p462_l10_o05,15r,opitulor,auxilior,S22,F2,,,
p462_l10_o06,15r,presto,accõmodo,S22,F2,,,
p462_l10_o07,15r,prestolor,expecto,S22,F2,,,
f15r_l06_o03,15r,p̃eo,antecedo,S22,F2,,,
f15r_l06_o04,15r,p̃ito,antecello,S22,F2,,,
p462_l11_o09,15r,litigo,contendo,S22,F2,,,
p462_l13_o03,15r,quia,qđ,S22,F2,,,
p462_l15_o09,15r,penetro,funditꝰ intro,S22,F2,,,
p462_l16_o01,15r,temere,p̃sũtiose,S22,F2,,,
p462_l16_o02,15r,temero,contẽno,S22,F2,,,
p462_l17_o03,15r,diutius,longius,S22,F2,,,
p462_l22_o01,15r,recolligere,codunare,S22,F2,,,
p462_l26_o01,15v,canus,caniger,S22,F2,,,
p462_l26_o03,15v,caneo,senesco,S22,F2,,,
p462_l26_o04,15v,calles,semita,S22,F2,,,
p462_l26_o06,15v,calleo,astute ago,S23,F3,,,
p462_l26_o07,15v,flos ,polleo,S22,F2,,,
p462_l27_o01,15v,frons ,cresco,S22,F2,,,
p462_l27_o04,15v,census,uectigal,S22,F2,,,
p462_l28_o06,15v,imbuo,instruo doceo,S22,F3,,,
p462_l28_o07,15v,acuo,acumino,S22,F2,,,
p462_l28_o08,15v,induo,tibi,S41,F2,,,
p462_l28_o09,15v,arguo,increpo,S22,F2,,,
p462_l28_o10,15v,luo,penas soluo,S23,F3,,,
p462_l32_o08,15v,lues,,,,,,
p462_l29_o03,15v,suo,ips̃ ꝗđ ẽ c̃suo,S22,F4,,,
p462_l29_o04,15v,fatuo,euanesco disipio,S22,F2,,,
p462_l29_o11,15v,fluctuo,titubo,S22,F2,,,
p462_l32_o04,15v,tribus,dr̃ a distributione,S54,F4,,,
p462_l32_o10,15v,strues,congeries lignorũ,S23,F3,,,
p462_l33_o04,15v,tribuo,impertior ł diuido ⁊  dispono ,S22,F2,,,
p462_l33_o05,15v,metuo,timeo,S22,F2,,,
p463_l08_o06,16r,bulla,,,,bulla dr̃ q: sit a uento/ł ornam̃tũ cingulorum,S23,F4
p463_l08_o07,16r,ebuilio,ferueo,S22,F2,,,
p463_l08_o09,16r,punio,ulciscor,S22,F2,,,
p463_l09_o04,16r,superbio,extollo,S22,F2,,,
p463_l09_o08,16r,largior,tribuo,S22,F2,,,
p463_l10_o02,16r,murio,muros edifico,S54,F3,,,
p463_l10_o04,16r,munio,muro circũdo,S22,F3,,,
p463_l11_o03,16r,seuus,aceruus,S22,F2,,,
p463_l11_o04,16r,seuio,furio,S22,F2,,,
p463_l13_o08,16r,inretior,inlaqeor in rete,S54,F4,,,
p463_l14_o01,16r,inpedio,noceo,S22,F2,,,
p463_l15_o03,16r,insignis,nobilis,S22,F2,,,
p463_l15_o04,16r,insignio,decoro orno,S22,F3,,,
p463_l17_o01,16r,gestus,actꝰ ł motus,S22,F3,,,
p463_l17_o02,16r,gestio,adꝗro exulto,S22,F3,,,
p463_l25_o02,16v,meta,limes,S22,F2,,,
p463_l25_o03,16v,metor,t̃mino finio,S22,F2,,,
p463_l25_o09,16v,metior,mensuro,S22,F2,,,
p463_l27_o10,16v,insanio,furio ł infirmo,S22,F3,,,
p463_l28_o10,16v,apto,adiungo,S22,F2,,,
p463_l29_o10,16v,ineptio,desipio,S22,F2,,,
p463_l34_o01,16v,fatia,enci,S611,F2,,,
p464_l13_o09,17r,eger,infirmus,S22,F2,,,
p464_l16_o02,17r,egreo,insanio,S22,F2,,,
p464_l18_o01,17r,modis,formis,S22,F2,,,
p464_l20_o02,17r,duro,durũ fatio,S54,F3,,,
p464_l20_o05,17r,dureo,absolutũ,S22,F2,,,
p464_l20_o10,17r,denso,opaco,S22,F2,,,
p464_l28_o01,17r,tueor,p cogo,S22,F2,,,
p465_l25_o11,18r,polliceor,ꝓmitto,S22,F2,,,
p465_l26_o11,18r,uereor,timeor,S22,F2,,,
p465_l26_o12,18r,fateor,loquor,S22,F2,,,
p465_l28_o01,18r,coguntur,compelluntur,S22,F2,,,
p465_l28_o07,18r,amitior,tego,S22,F2,,,
p465_l28_o09,18r,ordior,incoo,S22,F2,,,
p466_l05_o04,18v,uador,error,S22,F2,,,
p466_l05_o06,18v,suffragor,auxilior,S22,F2,,,
p466_l06_o03,18v,rimor,ꝑscrutor,S22,F2,,,
p466_l06_o08,18v,miror,stupeo,S22,F2,,,
p466_l08_o03,18v,labor,cador,S22,F2,,,
p466_l08_o01,18v,nitor,conor / {prop?certor},S22,F3,,,
p466_l14_o09,18v,sequor,exsequor,S22,F2,,,
p466_l21_o09,19r,paciscor,pactũ facio,S22,F2,,,
p466_l22_o02,19r,adipiscor,inueniscor,S22,F2,,,
p467_l20_o03,19v,titubo,uacillo,S22,F2,,,
p467_l20_o05,20r,cubo,ĩrequiesco,S22,F2,,,
p468_l15_o10,20v,neco,interficio,S22,F2,,,
p468_l32_o04,20v,dico,dono,S22,F2,,,
p469_l27_o07,21r,Vfens,nom̃ ꝓpͥũ,S553,F3,,,
p470_l09_o07,21v,glisco,cresco,S22,F2,,,
p470_l11_o06,21v,pasco,nutrio,S22,F2,,,
p470_l23_o05,22r,bacchor ,furo ł insanior,S22,F3,,,
p470_l33_o02,22r,nasciscor,inuenio,S22,F2,,,
p471_l03_o08,22r,foedus,turpis,S22,F2,,,
p471_l06_o02,22r,depido,la,S611,F1,,,
p471_l16_o04,22r,ledo,a,S611,F1,,,
p471_l16_o07,22r,conposita,s̃,S611,F1,,,
p471_l26_o01,22v,trudo,impello ,S22,F2,,,
p472_l08_o02,22v,obtcant,runc,S611,F1,,,
p476_l07_o09,25r,pango,,,,ille poematu pconpanpango oratius epistularum libro .i.concardus me fectc.,S72,F4
p476_l12_o04,25r,purgo,a purg̃,S611,F3,,,
