Lt,Le,Tl,Gm,Gi,Gnorm,folio,line,Lorder,Mg,Temp,Loc,Forme,Sens,grammatical terminology (Schad),Notes divers,Concordance avec Latin 14087
INCIPIT LIBER EUTI/GRAMMAT(I)CI CI/DE UERBO,,,++++/de uer[bo] ++++/nus contextor ,,,2r,0,,C,T3,P1 en haut à droite,F4,S523,,"contextio, weaving (also fig. of other structures), construction [saec. iv on.]. contextor, compiler (Cop. Theod. 1. 1. 6. 2). contextus (pple as adj.), consecutive // Forcellini :demendi supervacanea, et adjiciendi necessaria, et mutandi ambigua, et emendandi incongrua tribuimus potestatem",
cum semper,semper,,,s cũ frequentia,scilicet cum frequentia,2r,1,a,B,T2,P0,F3,S22,,"*cum superfluitate, cum est superflu ?",
noues quaestiones,quaestiones,,,novẽ int̃rogaciones,noues interogationes,2r,1,b,B,T2,P0,F3,S22,,,
doctorib;,doctoribus,,,p̃ce++++++,preceptoribus,2r,1,c,A,T1,P0,F2,S22,,,Preceptor. doctor ł magifter
auditorum,,,,iđ discipulorũ,id est discipulorum,2r ,2,a,A,T1,P0,F2,S22,,*+ adiutorum ?,
acutiora,,,,perspicatiora,,2r,2,b,A,T1,P0,F2,S22,,,
mouere ,,,,reperire et excitare ,,2r,2,c,B,T2,P0,F2,S22,,*Bible ? Tentationes ? ,
soleant,,,,in queareniã honari?,,2r,2,d,A,T1,P0,F3,S22 ?,,,
curiositas,,,,qͣsi sollicitudo,quasi sollicitudo,2r,3,a,B,T2,P0,F2,S22,,,
familiaris,,,,ĩ specialit̃ ⁊ ꝓprie aderens,id est specialiter et propriae adherens,2r,3,b,B,T2,P0,F4,S23,,,
familiaris,,,ĩ afinis & cognata,,id est afinis et cognata,2r,3,c,C,T3,P0,F4,S22,,,
cotidie,,,,s̃ hominis ?dãƀrũ operis,scilicet hominis ++ operis ,2r,4,a,B,T2,P0,F4,S23,,,
desiderat,,,,cupit,,2r,4,b,B,T2,P0,F2,S22,,,
recens,,,,nouit(er),,2r,4,c,A,T1,P0,F2,S22,,,
iure,,,,recte ,recte ,2r,6,a,A,T1,P0,F2,S22,,,
iure,,,,adũ locũ qualitatis,,2r,6,b,B,T2,P0,F3,?,,,
imponi,,,,suꝑponi immitti,superponi immitti,2r,6,c,B,T2,P0,F2,S22,,,
diligentissime ,,,,dilectissima,dilectissima,2r,7,a,B,T2,P0,F2,S22,,,
Cratere,,,,nom̃ ꝓpͥũ,nomen proprium,2r,7,b,A,T1,P0,F3,S553,,,
facundia,,,,iđ doctrina ,idest doctrina ,2r,8,a,A,T1,P0,F3,S22,,,
facundia,,,,eloquentia,,2r,8,b,B,T2,P0,F2,S22,,,
facundia,,,facundu᷑ uocit᷑ eo qđ facile fari/potest. for faris inde facundia.,,facundum uocitur eo quod facile fari potest for faris inde facundia,2r,8,,C,T3,P1 right,F4,S54,,,
equiperante,,,,coęquantẽ,coaequantem,2r,8,,B,T2,P0,F2,S22,,,
excellentes,,,,presũt ĩgentes,praesunt ingentes,2r,9,,A,T1,P0,F3,S22,,,
gaudebam ,,,,lętabar,laetabar,2r,10,a,B,T2,P0,F2,S22,,,
doctrina,,,,eloquentia,,2r,10,b,B,T2,P0,F2,S22,,,
superauisse,,,,suꝑ orauisse,super orauisse,2r,10,c,B,T2,P0,F3,S54,,,
romana,,,,lat̃,latina,2r,10,d,B,T2,P0,F2,S22,,,
cernendas,,,,separandas,separandas,2r,11,,B,T2,P0,F2,S22,,,
quorum,,,,s duorũ librorũ,scilicet duorum librorum,2r,12,a,B,T2,P0,F3,S53,,,
instruitur,,,,ordinatur ,,2r,12,b,A,T1,P0,F2,S22,,,
instruitur,,,,(et di)sponitur,,2r,12,c,B,T2,P0,F2,S22,,"*dispositio, ordinatio,docere, erudire, instruire, informare, insegnare ,redigere, reficere",
exsequit᷑,exsequitur,,,ꝑseꝗt᷑,prosequitur,2r,13,,B,T2,P0,F2,S22,,,
regulas,,,,rectitudines,rectitudines,2r,14,,B,T2,P0,F2,S22,regula,,
una ,,,,(pt̃r)? prima,ponitur prima ?,2r,16,a,B,T2,P0,F3,S53,,*aide du codex BnF 7499 f.,
carens,,,,ammitens,,2r,16,b,B,T2,P0,F2,S22,careo,,
tenore ,,,,iđ accentu,id est accentu,2r,16,c,A,T1,P0,F2,S22,tenor,,
infine,,,,& in t̃minatione,et in terminatione,2r,16,d,B,T2,P0,F3,S22,"finis *At 3.140.5ff. Prisc. uses finis (.14, 16, 20, 22, 25) in free variation with terminatio (.5, 18, 24) for AD’s τέλος",,
BARIΘONOC,βαρύτονος ,,,grauis sonus,grauis sonus,2r,16,e,m0,T0,P0,F3,S211,grauis,,Barithonos. Aliena atona
ab eis appelantur,,,,uidelicet [grecis],,2r,17,a,B,T2,P0,F3,S53,,*aide du codex BnF 7499 f.,
ex consonantib;,ex consonantibus,,,s̃ species,scilicet species ,2r,17,b,B,T2,P0,F2,S53,"consonans *types Dosith. 7.381.13 -ium species est duplex, sunt enim aliae semivocales, aliae mutae (Char. 5.7; Don. 603.7; Mar. Vict. 6.5.19; Vict. 6.195.10; Aud. 7.326.6; ps. Mar. Vict. 6.32.28). Prob. 4.49.4 semivocales et mutae appellantur -es. 50.19.
",,
ω inuentis,,,,[+++]is,,2r,18,a,B,T2,P0,F2,S22,,,
significat,,,,ostendit,,2r,18,b,B,T2,P0,F2,S22,significo,,
prolata,,,,pñtiata,pronuntiata,2r,19,a,B,T2,P0,F2,S22,"pronuntio * Aud. 7.357.10 sin vero non per suspirationem animi, sed aliter proferuntur, id quod significaverint -antur. *προφέρω",,
apud eos,,,,s apud grecos,scilicet apud grecos,2r,19,b,B,T2,P0,F3,S53,,,
ΠE/ΡΙCΠΟΜΕΝΕ,περισπωμένη,,,ꝑicpomene circũflexibilis,,2r,19,c,B,T2,P0,F2,S211,"circumflexus *Gk.: περισπωμένη, DT 7.1; μέση, Arist. rhet. 1403 b 28.
frg. Bob. 7.539.18 -us, quem perispomenon (dicunt Graeci).",Perspomene. quasi circũ flexo,
In secuncda persona inuentis,,,,[+++]as,,2r,21,,B,T2,P0,F2,S22  pour inuentis ?,,,
ex finali terminatione,,,,ex[++++]cione,ex terminacione,2r,22,,B,T2,P0,F3,S22,terminatio,,
dicunt,,,,apellant,,2v,1,a,B,T2,P0,F2,S22,,,
licet,,,,si uis,si uis,2v,1,b,B,T2,P0,F3,S22,,,
sicut multis ,,,,In aliis,,2v,2,a,B,T2,P0,F3,S611,,*in aliis regulis,
prorsus,,,,certe,,2v,2,b,A,T1,P0,F2,S22,,,
prorsus,,,,omnino,,2v,2,c,C,T3,P0,F2,S22,,,
inditia,,,,signa,signa,2v,3,a,B,T2,P0,F2,S22,signum*physical mark of aspiration,,
penitus,,,,ex toto ,,2v,4,a,A,T1,P0,F2,S22,,,
penitus,,,,& funditias,et funditias,2v,4,b,C,T3,P0,F2,F22,,,
in o ,,,,or,,2v,4,c,B,T2,P0,F2,S611,,,
imitari,,,,seꝗ,sequi,2v,5,a,B,T2,P0,F2,S22,,,
imitari,,,,s̃ lat̃ ,scilicet latini,2v,5,b,B,T2,P0,F2,S53,,,
terminalẽ,terminalem,,,& finalem,,2v,5,,C,T3,P0,F2,S22,terminalis,,
baritona,,,,hoc est grauisona,hoc est grauisona ,2v,6,,C,T2,P0,F4,S211,grauis *Collocations : sonus: Fest. 249.33.,,
baritona,,,,lat̃,,2v,8,,B,T2,P0,F2,S53,,,
ordinẽ,ordinem,,,seriem,seriem,2v,9,,B,T2,P0,F2,S22,ordo,,
ex qua,,,,s ob,scilicet ob,2v,10,,C,T3,P0,F2,S22,,,
penitus,penitus,,,funditꝰ,funditus,2v,12,,B,T2,P0,F2,S22,,,
incerta,,,,&ãbigua,et ambigua,2v,12,a,C,T3,P0,F2,S22,incertus,,
cogimur,,,,c̃pellim᷑,compellimur,2v,12,b,B,T2,P0,F2,S22,,,
enuntiare,,,,ꝓñtiare,pronuntiare,2v,14,a,B,T2,P0,F2,S22,"enuntio*Gk.: ἐκφωνέω, DH comp. 14; AD adv. 165.18.

See pronuntio 2, and further parallels s.v.",,
conabor,,,,ĩtẽptabor.,in temptabor,2v,14,b,C,T3,P0,F2,S22,,,
notatis,,,,exceptis & segregatis.,exceptis et segregatis,2v,18,a,C,T3,P0,F3,S22,noto,,
anomalis ,,,,inęqualib;,inaequalibus,2v,18,b,B,T2,P0,F2,S22,"anomalus, inaequalis",,
analogię,analogiae,,,ꝓportio,proportio,2v,19,,B,T2,P0,F2,S22,"analogia, proportio",,
cędo,caedo,,,dic,,2v,20,a,B,T2,P0,F2,?S1(ordre du maître ?),,,
faxo,,,,ꝓfacio,profacio,2v,20,b,B,T2,P0,F2,S22,,,
sodes,,,,si audes,si audes,2v,20,c,B,T2,P0,F3,S54,,,sodes. Si audes
aue,,,,salue,salue,2v,20,d,B,T2,P0,F2,S22,,,
ferit,,,,qͣsi ꝑcutit,quasi percutit,2v,20,e,B,T2,P0,F2,S22,,,
insit,,,,dicit,,2v,20,f,B,T2,P0,F2,S22,,,
similitudine,,,,aequalitate,,2v,21,,B,T2,P0,F2,S22,"Gk.: τὰ δὲ παραβολῆς ἢ ὁμοιώσεως, οἷον ὡς ὥσπερ ἠΰτε καθάπερ, DT 79.2.",,
generale,,,,qͣsi generalit̃ et cõmunit̃,quasi generaliter et communiter,2v,24,,B,T2,P0,F3,S22,,,
temptabo,,,,conabor,,3r,1,,C,T2,P0,F2,S22,,,
diriuatiua,,,,hoc ẽ deductiua.,,3r,2,,C,T2,P0,F3,S22,"deriuatus, deductiuus",,
unius tantũ modos,,,,c̃iugacianes,coniugaciones,3r,4,,B,T2,P0,F2,S53,"coniugatio *Aud. 7.345.14 -ο...est forma quaedam, ex qua intellegitur, promissivus modus ... quo modo efferri debeat (Vict. 6.198.31).",,
orthographis ,,,,recte scribentib;,recte scribentibus,3r,5,a,B,T2,P0,F3,S23,orthographus,,
consentientib;,consentientibus,,,c̃cordantib;,concordantibus,3r,5,b,B,T2,P0,F2,S22,,,
ebesco ,,,,fadt᷑dr̃,fadtur (fatuor?) dicitur,3r,6,a,B,T2,P0,F2,S22,,*fsstidium dare ?,
pertimesco,,,,ualde timere incipio ,,3r,6,b,B,T2,P0,F4,S23,,,
euanesco,,,,deficio,,3r,6,c,B,T2,P0,F2,S22,,,
patesco,,,,aperire incip{io},,3r,7,a,B,T2,P0,F3,S23,,,
notesco,,,,notꝰ fieri iñpio,notus fieri incipio,3r,7,b,B,T2,P0,F3,S23,,,
labasco,,,,ruere,,3r,7,c,B,T2,P0,F2,S22,,,
glisco,,,,cresco,cresco,3r,9,,B,T2,P0,F2,S22,,, A glis glisco id est cresco // Geo.glisco ł cresco.
micturio,,,,mingere ,,3r,11,a,B,T2,P0,F2,S22,,,
micturio,,,,meditor,,3r,11,b,C,T2,P0,F2,S22,,,
esurio,,,,manducare,,3r,11,c,B,T2,P0,F2,S22,,,
p̃cedente ,precedente,,,antecedente,,3r,13,,C,T2,P0,F2,S22,,,
lectito,,,,frequent̃ lego,frequenter lego,3r,14,,C,T2,P0,F3,S23,,,
dictito ,,,,frequent̃ dico,frequenter dico,3r,15,a,C,T2,P0,F3,S23,,,
cantito,,,,frequent̃ cano,frequenter cano,3r,15,b,C,T2,P0,F3,S23,,,
cursito,,,,frequent̃curso,frequenter curso,3r,15,c,C,T2,P0,F3,S23,,,
uisito,,,,frequent̃ uideo,frequenter uideo,3r,15,d,C,T2,P0,F3,S23,,,
merso ,,,,frequent̃ mergo,frequenter mergo,3r,15,e,C,T2,P0,F3,S23,,,
nexo,,,,frequent̃ necto,frequenter necto,3r,16,a,C,T2,P0,F3,S23,,,
uiso ,,,,desidero uidere,desidero uidere,3r,16,b,B,T2,P0,F3,S23,,,
qđ (et uirgilius),quod,,,uerbũ,uerbum,3r,16,c,B,T2,P0,F2,S53,,,
inuisitis aras,,,,desideratas aras uidere,desideratas aras uidere,3r,17,a,B,T2,P0,F4,S22,,,
et in eodẽ ,et in eodem,,,s libro,scilicet libro ,3r,17,b,C,T2,P0,F2,S53,,,
gelidos,,,,allidos ,calidos ? Le contraire ?,3r,17,c,B,T2,P0,F2,S22?,,,
gelidos,,,,frigidos,,3r,17,d,C,T3,P0,F2,S22,,,
ser/uare,,,,custodit,custodit,3r,20,,B,T2,P0,F2,S22,,,
anomala,,,,inequalia,,3r,21,,B,T2,P0,F2,S22,"anomalus*Eutych. 5.448.19 -is vel defectivis, in quibus plerumque ratio deficit analogiae, ut ‘sum prosum inquam cedo edo faxo sodes ave ferit infit’ et similibus.",,
defectiua,,,,qua deficiunt ꝑ modos,qua deficiunt per modos,3r,22,a,B,T2,P0,F4,S23,,,
inuenire,,,,i,,3r,22,b,B,T2,P0,F1,S611,,,
differentiis ,,,,arbitror,,3r,23,,B,T2,P1 right,F2,essais de plume,differentia,*supprimé deliberamment / dittographie ,
arbitror,,,,estimor,estimor,3r,24,,B,T2,P0,F2,S22,,,
discerni,,,,diuidi,,3r,24,,B,T2,P0,F2,S22,,,
fatilior,,,,leuior,,3r,25,a,B,T2,P0,F2,S22,,*la notion de être facile/leue,
obseruatio,,,,s regula,scilicet regula,3r,25,b,C,T2,P0,F2,S22,"oberuatio*A number of the grammarians define Latinity as the practice of correct speaking.
Diom. 1.439.15 Latinitas est incorrupte loquendi -o secundum Romanam linguam (Vict. 6.189.2; Aud. 7.322.21; Aug. 5.494.3).",,
Tres enĩ uocales,tres enim uocales,,,s̃ a .or. c̃sonanctb;,,3r,25,c,C,T2,P1 right,F3,S53,"uocalis*classification Char. 4.15 litterarum aliae sunt -es, aliae consonantes (Dosith. 7.381.9; Don. 603.6; Mar. Vict. 6.5.15).",,
a penitus ,a penitus,,,uidelicet omnino.,,3v,2,a,C,T3,P0,F3,S22,,,
inuenitur,,,,reperit᷑,reperitur,3v,2,b,B,T2,P0,F2,S22,"inuenio*Diom. 1.324.24 (omnia qualitatium nomina, i.e. adjectives) aut ... incipiunt aut sunt aut veniunt aut adiciuntur aut -untur aut exeunt. .34 -untur ea quae trifariam ordinantur in hunc modum, uno scilicet deficiente quolibet gradu, aut positivo aut comparativo aut superlativo.",,
reboo,,,,ĩ resono.,id est resono,3v,3,,C,T3,P0,F2,S22,,,
rebo antiq;,rebo antiquis,,,&  resonant,et resonans,3v,5,,C,T3,P0,F2,S22,,,
olimpus,,,,nom̃ montis ẽ,nomen montis est,3v,6,a,C,T3,P0,F3,S551,,,
inchoo,,,,incipio,,3v,6,b,C,T3,P0,F2,S22,,,
axoo,,,,ch,achoo,3v,6,c,m0,T0,P0,F2,S611,,,
traductum,,,,d,traductum,3v,7,,m0,T0,ligne principale,F1,S611,,*supprimé/effacé,
artium scriptores,,,,ueteres,ueteres,3v,10,,m0,T0,P0,F2,S53,,,
quę sola,quae sola ,,,coniugatio,,3v,11,,A,T1,P0,F2,S53,,,
aliae,,,,+++ c̃. uix,,3v,12,a,m0,T0,P0,F3,S611,,*effacé déliberamment première partie. Uix post aliae codex 7499,
quo modo,,,,sic̃,,3v,12,b,B,T2,P0,F2,S22,,,
secunda,,,,s c̃iugatio,scilicet coniugatio,3v,14,,C,T3,P0,F2,S53,,,
spetialẽ,spetialem,,,ꝓpͥã,propria,3v,15,,B,T2,P0,F2,S22,,,
,,,ut÷,,,3v,16,a,m0,T0,P0,F3,S611,,,
taceo,,,,sileo,sileo,3v,16,b,C,T3,P0,F2,S22,,,
maneo,,,,habito,,3v,16,c,C,T3,P0,F2,S22,,,
stupeo,,,,ãmiror,ammiror,3v,17,a,C,T3,P0,F2,S22,,,
squaleo ,,,,sordeo,sordeo,3v,17,b,A,T1,P0,F2,S22,,,
areo ,,,,sicor,sicor,3v,17,c,C,T3,P0,F2,S22,,,
censeo,,,,iudico,,3v,17,d,C,T3,P0,F2,S22,,,
candeo,,,,splendeo ,splendeo,3v,17,e,B,T2,P0,F2,S22,,,
doleo,,,,lugeo,,3v,18,a,C,T3,P0,F2,S22,,,
pateo,,,,aperio,,3v,18,b,C,T3,P0,F2,S22,,,
eodeq ;,,,,&ipso,et ipso,3v,18,c,C,T3,P0,F2,S22,,,
polliceor,,,,spondeo,,3v,21,a,B,T2,P0,F2,S22,,,
polliceor,,,,prometto,,3v,21,b,A,T1,P0,F2,S22,,,
liqueor ,,,,fluo,,3v,21,c,B,T2,P0,F2,S22,,,
medeor,,,,medicor,,3v,21,d,m0,T0,P0,F2,S22,,,
reor ,,,,estimo,,3v,21,e,A,T1,P0,F2,S22,,,Res. a reor. 
mereor ,,,,tristor,,3v,21,g,C,T3,P0,F2,S22,,,
uereor.,,,,timeo,,3v,21,h,B,T2,P0,F2,S22,,,
uereor.,,,,orresco,,3v,21,i,m0,T0,P0,F2,S22,,,
fateor,,,,loquor ,,3v,22,a,A,T1,P0,F2,S22,,,
fateor,,,,ꝓfiteor,,3v,22,b,B,T2,P0,F2,S22,,,
profiteor,,,,affirmo,,3v,22,c,B,T2,P0,F2,S22,,,
infiteor,,,,ñc̃fiteor,nec confiteor,3v,22,d,C,T3,P0,F2,S22,,*αρνούμαι/Dositheus,
intueor,,,,inspicio,inspicio,3v,22,e,A,T1,P0,F2,S22,,,Conspicior. oculos subito intendo. intueor contẽplor.
intueor,,,,uideo  c̃sidero,"uideo, considero",3v,22,f,B,T2,P0,F2,S22,,,Conspicior. oculos subito intendo. intueor contẽplor.
notandũ,notandum,,,excipiunt᷑,excipiuntur,3v,22,g,B,T2,P0,F2,S22,,,
notandũ,notandum,,,t᷑ ,-tur,3v,23,a,B,T2,P0,F1,S611,,*correction en notantur,
beo,,,,bontifico,,3v,23,b,B,T2,P0,F2,S22,,*beatifico – bénir,
creo,,,,facio,,3v,23,c,B,T2,P0,F2,S22,,,
meo,,,,pergo,,3v,23,d,A,T1,P0,F2,S22,,,Meo Defluo Decurro mano
nau/seo,,,,fastidio,fastidio,3v,23,e,B,T2,P0,F2,S22,,,
enucleo,,,,aperio,,3v,24,a,B,T2,P0,F2,S22,,,Nucleo. claudo
laqueo,,,,ligo,,3v,24,b,B,T2,P0,F2,S22,,*alternative ?,
screo,,,,spuo,,3v,24,c,A,T1,P0,F2,S22,,,
queo,,,,ualeo possũ,"ualeo, possum",3v,24,d,B,T2,P0,F2,S22,,,
pritiua,,,,mi,,4r,1,,m0,T0,P0,F1,S611,,,
acuo ,,,,aciũ facio,acium facio,4r,2,a,B,T2,P0,F3,S54,,,
 induo ,,,,uestio,uestio,4r,2,b,B,T2,P0,F2,S22,,,Vestio circũdo induo togo.
arguo,,,,c̃uto eo rep̃hendo,Confuto ? Eo reprehendo,4r,2,c,C,T3,P0,F3,S23,,,
 fluo ,,,,dercurro,,4r,2,d,B,T2,P0,F2,S22,,,
polluo,,,,sordo ł sordeo,sordo uel sordeo,4r,2,e,A,T1,P0,F2,S22,,,
alluo,,,,perfu(ndo),perfundo ,4r,2,f,B,T2,P0,F2,S22,,,Alluo suꝑundo ꝓfundo
innuo ,,,,Signũ facio,signum facio,4r,3,a,A,T1,P0,F3,S23,,,
manuo ,,,,subtruo,subtruo,4r,3,b,B,T2,P0,F2,S22,,,
spuo ,,,,sereo,sereo,4r,3,c,C,T3,P0,F2,S22,,,
ruo,,,,cado,,4r,3,d,C,T3,P0,F2,S22,,,
metuo ,,,,timeo,,4r,3,e,C,T3,P0,F2,S22,,,
fatuo ,,,,desinio,desinio,4r,3,f,C,T3,P0,F2,S22,,,fatuor hebesco
liquor,,,,soluor/ fluor,,4r,3,g,C,T3,P0,F2,S22,,,liquor. humor
exceptis,,,,s̃ separatis,scilicet separatis,4r,4,,C,T3,P0,F2,S22,,,
postea,,,,insequentib;,in sequentibus,4r,6,a,B,T2,P0,F2,S22,,,
uacuo,,,,inanio  ,,4r,6,b,B,T2,P0,F2,S22,,,
tenuo,,,,exilẽ facio,exilem facio,4r,6,c,B,T2,P0,F3,S23,,,tenus. Tenuor
sinuo,,,,cõplico,complico,4r,7,a,B,T2,P0,F2,S22,,,Sinus. sinuo .id est curuo
continuo,,,,c̃iungo,coniugo,4r,7,b,B,T2,P0,F2,S22,,,A continuus continuo/Continuo assiduo . coniungo sotio. 
ininuo,,,,demonstro,demonstro,4r,7,c,B,T2,P0,F2,S22,,,
fluctuo ,,,,uacillo,,4r,7,d,B,T2,P0,F2,S22,,,A fluctus. fluctuo
tumultuor,,,,contendo,,4r,7,e,C,T3,P0,F2,S22,,,
uiduo ,,,,diuido,,4r,8,a,B,T2,P0,F2,S22,,,Viduo. Desclor
 estuo,,,,ferueo,,4r,8,b,B,T2,P0,F2,S22,,,
mutuor,,,,inꝓmudo,inpromudo ,4r,8,c,B,T2,P0,F3,S22,,*plutot (inpromutuo) ? * imprumedar,Mutuus. Mutuo / Mutuus. Cõmodatus
sed illa ,,,,s̃  uerba,scilicet uerba,4r,12,,B,T2,P0,F2,S53,,,
adherentia,,,,s̃ copulata & coïunta uidelicet ꝑ diriuatione,copulata et coïunta uidelicet per diriuatione,4r,13,,B,T2,P0,F3,S23,,,
pio,,,,purgo,,4r,14,a,B,T2,P0,F2,S22,,,
hio,,,,aperio,,4r,14,b,B,T2,P0,F2,S22,,,
nuntius,,,,legatꝰ,legatus,4r,17,,B,T2,P0,F2,S22,,,
sotius,,,,comes uicinꝰ,comes uicinus,4r,19,,B,T2,P0,F3,S22,,,
sautius,,,,uulneratus,uulneratus,4r,21,,A,Τ1,P0,F2,S22,,,
curia,,,,domꝰ,domus,4r,23,,B,T2,P0,F2,S22,,,
Radius,,,,uirga ,,4r,25,a,B,T2,P0,F3,S22,,,
Radius,,,,geometricalis,,4r,25,b,C,T3,P0,F2,S22,,,
conciliũ,,,,iudiciũ,iudicium,4r,29,,B,T2,P0,F2,S22,,"Concilior . Consotio *consocio, LatinitasItalica coniungo",Concilior . Consotio
defolio,,,,detrao,detraho,4r,32,,B,T2,P0,F2,S22,,,
spolium,,,,detra[h]ĩ polu,,4r,33,,B,T2,P0,F3,S22,,,
sumnium,,,,uisio,,4r,35,,B,T2,P0,F2,S22,,,
sũnio sũnias,sumnio sumnias,,,ł sõnior sũniaris ,uel somnior sumniaris ,4r,36,,B,T2,P1 right,F3,S611,,,
sũnio sũnias,,,dicitur m̃ a grecoꝝ ardiũ sõ/ [ni]um ł excitatio,,,4r,36,,A,T1,P1 right,F4,S23,,,
delinio,,,,lineã destro ł unguo,lineam destro uel unguo,4r,37,,B,T2,P0,F3,S22,,, Delinio.blandior
auxilium,,,,adiutoriũ [adiuta]?,adiumentum ?,4r,38,,B,T2,P0,F3,S22,,,
decorio,,,,e criñabis traho,,4r,41,,B,T2,P0,F4,S23,,,
furio,,,,insanio,,4r,42,,B,T2,P0,F2,S22,,,furior. insanio ł seuio
furio,,,ł furior ari,,uel furior ari,4r,42,,B,T2,P1 right,F2,S22,,,
uarius,,,,diuersus ,,4r,43,a,C,T3,P0,F2,S22,,,
uario,,,,?rrubo,,4r,43,b,B,T2,P0,F2,S22,,,
basiũ,basium ,,,ba[++],,4r,44,,B,T2,P0,F2,?,,"*basilio, basilica etc. // Inde basilica dicitur regalem templum ",basilius. primꝰ ł princeps; basilio. basilicã edifico ł principor
fiducia,,,,qͣsi c̃fido,quasi confido,4r,45,a,B,T2,P0,F2,S22,,,
repudium,,,,reicio,reicio,4r,45,b,B,T2,P0,F2,S22,,,
tripudium,,,,gaudiũ,gaudium,4r,46,c,B,T2,P0,F2,S22,,,
spatior,,,,ãplifico,amplifico,4v,1,,B,T2,P0,F2,S22,,,
deprecio,,,,uilẽ facio,uilem facio,4v,2,,B,T2,P0,F3,S22,,,Dep̃cio. uilẽfacio
initium,,,,inchoatuꝫ,inchoatum,4v,3,,B,T2,P0,F2,S22,,,
uitio,,,,corrupcio,corrputio,4v,4,,B,T2,P0,F2,S22,,,
desinens ,,,,t̃minans,terminans,4v,6,a,B,T2,P0,F2,S22,,,
nom̃,nomen,,,s pͥmitiuũ,scilicet primitiuum,4v,6,b,B,T3,P0,F2,S53,,,
appositũ,appositum,,,e associatũ,est associatum,4v,7,,B,T2,P0,F2,S22,,,
hio,,,,aperio,,4v,9,a,C,T3,P0,F2,S22,,,
pio,,,,purgo,,4v,9,b,B,T3,P0,F2,S22,,,Pio .purgo placo
pio,,,,mundo,,4v,9,c,A,T2,P0,F2,S22,,,
quodlicet,,,,s uerbũ,scilicet uerbum,4v,10,,C,T3,P0,F2,S53,,,
amplio ,,,,dilato,,4v,11,a,B,T2,P0,F2,S22,,,
amplior,,,,cõpatiuus,comparatiuus,4v,11,b,B,T2,P0,F2,S34,,,
quo utebantur,,,,s nomine,scilicet nomine,4v,13,,C,T3,P0,F2,S53,,,
satias,,,,ĩ sacietas.,id est sacietas,4v,14,,C,T3,P0,F3,S22,,,
lanio,,,,lacero ,,4v,15,a,A,T2,P0,F2,S22,,,Lanius. laniator;
lanio,,,,disrũpo,disrumpo,4v,15,b,B,T2,P0,F2,S22,,,
qđ idẽ,quod idem,,,iãp̃dictꝰ,iam predictus,4v,16,,B,T2,P0,F3,S53,,,
per apocopã ,,,,ꝑablacionẽ  ,per ablacionem,4v,17,a,B,T2,P0,F3,S53,,,
lani,,,,Quasi carnifex,,4v,17,b,C,T3,P0,F3,S23,,,
fartores,,,,repletores,,4v,17,c,B,T2,P0,F2,S22,,"*piscatores *σχῆμα comicum, nam in palliata Romanas res loquitur.
*nomenclatores, qui clam velut infercirent nomina salutatorum in aurem candidati. 
*replentes ????",farcio. Impleo
priuatũ,priuatum,,,aliena,,4v,20,,m0,T0,P0,F2,S22,,,
nomen omnib; modis,nomen omnibus modis,,,uerborũ,uerborum,4v,21,,m0,T0,P0,F2,S53,,,
penultimã,penultimam,,,S̃ illud uerbũ,scilicet illud uerbum,4v,22,,m0,T0,P0,F3,S53,,,
ambio,,,,circumeo,,4v,25,,A,T1,P0,F2,S22,,,
ambio,,,,cupio,,4v,25,,C,T3,P0,F2,S22,,,
superbio,,,,eleuo extollo,,4v,26,,C,T3,P0,F2,S22,,,
sancio,,,,iudico,,4v,27,,m0,T0,P0,F2,S22,,,
sarcio,,,,c̃stringo,constringo,4v,28,,C,T3,P0,F2,S22,,,
fartio,,,,im pleo {expleo? ex far++ ?},(espace pour 8 lettres),4v,29,,m0,T0,P0,F4 ?,S23,,,
expedio,,,,quasi impeditũ,quasi impeditum,4v,30,,C,T3,P0,F2,S22,,,expedio. a periodico.ł ꝓsũ
condio,,,,p̃paro,preparo,4v,33,,C,T3,P0,F2,S22,,,
erudio,,,,doceo,,4v,35,,C,T3,P0,F2,S22,,,
uagio,,,,ploro,,4v,37,,C,T3,P0,F2,S22,,,
p̃sagio,,,,futura prędico,futura praedico,4v,38,,A,T1,P0,F3,S22,,,P̃dico. cis. futura. antedico . P̃dico cas; deuulgo. p̃mono. narro. palã refero.
sepelio,,,,sacro ,,4v,39,,m0,T0,P0,F2,S22,,*glose delibéramment effacée,
sepelio,,,,c̃do,condo,4v,39,,C,T3,P0,F2,S22,,,
stabilio ,,,,constituo,,4v,40,,A,T2,P0,F2,S22,,,Loco. stabilo colloco. statuo ł mercedẽ contduco. 
stabilio ,,,,c̃firmo,confirmo,4v,40,,C,T3,P0,F2,S22,,,
redimio,,,,decoro cõpono orno,decoro compono orno,4v,44,,A,T1,P0,F2,S22,,,
ex inanio,,,,exuacuo,,4v,45,,C,T3,P0,F2,S22,,,
insanio,,,,furio,,4v,46,,C,T3,P0,F2,S22,,,
lenio,,,,seduco ł decipio,seduco uel decipio,4v,48,,A,T1,P0,F2,S22,,,
insignio.,,,,orno,,4v,50,a,B,T2,P0,F2,S22,,,insignior. orno. nobilito
insignio.,,,,redimio,,4v,50,b,C,T3,P0,F2,S22,,,
Grunnio,,,,murmuro,,5r,2,,C,T3,P0,F2,S22,,,
munio,,,,defendo,,5r,3,,C,T3,P0,F2,S22,,,
Punio,,,,uindico,,5r,4,,A,T1,P0,F2,S22,,,
Sepio,,,,circũdo,circumdo,5r,5,,B,T2,P0,F2,S22,,,Sepior circũdo uallo
Sopio,,,,dormio,,5r,6,,A,T1,P0,F2,S22,,,Sopio. Dormio
Ferio,,,,ꝑcucio,percucio,5r,7,,C,T3,P0,F2,S22,,, Exsicco ł ferio
Aperio,,,,manifesto,,5r,9,,A,T1,P0,F2,S22,,,
Garrio,,,,murmuro,,5r,10,,C,T3,P0,F2,S22,,,Garrio. murmuro.perstrepo
Ligurrio,,,,lango ł gusto.,lango uel gusto,5r,11,,A,T1,P0,F2,S22,,, ligurrio . deglutio
Esurio,,,,quasi edere desidero,,5r,12,,C,T3,P0,F3,S22,,,
Prurio,,,,saniem emitte iđ scabiem,saniem emitte id est scabiem,5r,15,,A,T1,P0,F4,S23,,,Prurio.scalpo ł uror
Parturio,,,,parere,,5r,16,a,B,T2,P0,F2,S54,,"*Macr. exc. 5.625.27, 649.28 nam prima dicitur -a, quae significat meditationem eius rei quae imminet et cuius speratur effectus, ut ‘parturio’, quod est parere meditor, ‘esurio’ esse meditor; sic ‘amaturio lecturio’ et similia.",
Parturio,,,,meditor,,5r,16,b,C,T3,P0,F2,S333,,,
Inretio,,,,inligo,,5r,18,,C,T3,P0,F2,S22,,,
gestio.,,,,exulto gaudeo,,5r,20,,A,T1,P0,F2,S22,,,
congationis,,,,iu,coniugationis,5r,22,,m0,P0,P0,F1,S611,,,
effugio,,,,effundo,,5r,22,,C,T3,P0,F2,S22,,,
seruio,,,,oboedio,,5r,23,,B,T2,P0,F2,S22,,,
blandior,,,,lenior,,5r,25,,B,T2,P0,F2,S22,,,Lacto . decipio. blandior .
ordior,,,,incipit ,,5r,26,,A,T1,P0,F2,S22,,,
sortior,,,,ĩ accipio, id est accipio,5r,28,,C,Τ2,P0,F2,S22,,,
Partior,,,,Diuido & secor,,5r,29,,C,Τ2,P0,F2,S22,,,
om̃a,omnia,,,s̃ uerba quarte coniugationis,scilicet uerba quartae coniugationis,5r,30,,A,T1,P0,F3,S53,,,
carent ,,,,amittent,,5r,31,,C,Τ3,P0,F2,S22,,,
spetiem,,,,id̃ ÷ formã,id est formam,5r,35,a,A,T1,P0,F2,S22,,,
dictorum,,,,s̃ uerborum,,5r,35,b,A,T1,P0,F2,S22,,,
tertiam,,,,correptã,correptam,5r,37,,m0,T0,P0,F2,S611,,,
alia,,,,s̃ uerba ,sunt uerba,5r,38,a,A,T1,P0,F2,S53,,,
et alia,,,,*eorũ ũ bo ro,,5r,38,b,C,T3,P1 right,F3,S53,,,
ut latio,,,,÷,ut est latio,5r,39,,C,T3,P0,F1,S611,,,
elitio,,,,expͥmo ,exprimo,5r,41,,A,T1,P0,F2,S22,,,
elitio,,,,seduco,,5r,41,,C,T3,P0,F2,S22,,,
Inlitio,,,,seduco ł ereo,seduco uel erro,5r,42,,A,T1,P0,F2,S22,,*égarer,
pellitio,,,,in fraudũ duco.,in fraudum duco,5r,43,,A,T1,P0,F3,S23,,,
interfitio,,,,occido,,5r,44,,C,T3,P0,F2,S22,,,
offitio,,,,noceo,,5r,45,,A,T1,P0,F2,S22,,,
capio,,,,conp̃hendo,conprehendo,5r,46,,B,Τ2,P0,F2,S22,,,
sapio,,,,scio,,5r,47,,C,Τ3,P0,F2,S22,,,
Fodio,,,,ꝑforo,perforo,5r,50,,C,Τ3,P0,F2,S22,,,fodio. ł colligo
fugio,,,,ꝓficiscor.,proficiscor,5r,51,,C,Τ3,P0,F2,S22,,,
quatio,,,,tremo,,5r,53,,A,T1,P0,F2,S22,,"*1 secouer, agiter, ébranler, faire trembler, faire vibrer
2 battre, taper, frapper, atteindre
3 pousser loin, chasser, éloigner
4 abattre, fracasser, démolir, mettre bas, ruiner
5 (au figuré) troubler, bouleverser, étourdir",
Patior,,,,suffero sustineo,,5r,56,,A,T1,P0,F2,S22,,,
orior,,,,nascor,nascor,5r,58,,A,T1,P0,F2,S22,,,
potior,,,,utor,,5r,59,,C,T3,P0,F2,S22,,,Potior fruor
plerũq; ,plerumque,,,ꝗ añ sẽper,,5r,69,,C,T3,P0,F2,S22,,,
quęquasi spetiales,,,,s forma,scilicet forma,5r,75,,C,T3,P0,F2,S53,,,
que,,,,uerba,,5v,5,,A,T1,P0,F2,S53,,,
ambiguitate,,,,dubietate ,,5v,6,a,A,T1,P0,F2,S22,,,
si possĩ,si possim,,,si ualeo,,5v,6,b,B,T2,P0,F3,S22,,,
disserere,,,,manifestare,,5v,6,c,A,T1,P0,F2,S22,,,
rerũ ,rerum,,,substantiarũ,substantiarum,5v,7,a,B,T2,P0,F2,S22,,,
uber/tati,,,,copie,,5v,7,b,B,T2,P0,F2,S22,,,
multa,,,,S̃ uerba,scilicet uerba,5v,9,,B,T2,P0,F2,S53,,,
pene,,,,(++)pe,Prope ? *à peu près,5v,10,a,A,T1,P0,F2,S22,,,
genuit,,,,S̃ uerba,scilicet uerba,5v,10,b,A,T1,P0,F2,S53,,,
dequib;,de quibus,,,S̃ uerbiis,Scilicet uerbiis,5v,11,,m0,T0,P0,F2,S53,,,
motu ,,,,ĩ modo,id est modo,5v,13,a,A,T1,P0,F2,?,,,
eas ipsas,,,,terminationes,,5v,13,b,B,T2,P0,F2,S53,,,
traduxit,,,,constituit,,5v,15,a,,,P0,F2,S22,,,
quas ,,,,s ipsa natura,scilicet ipsa natura ,5v,15,b,C,T3,P0,F3,S53,,,
qui,,,,s t̃rminatnes,scilicet terminationes,5v,15,c,C,T3,P0,F2,S53,,,
perceperit,,,,intellexerit,,5v,15,d,B,T2,P0,F2,S22,,,
facilius,,,,leuius,,5v,15,e,B,T2,P0,F2,S22,,,
adherentia ,,,,ĩ coherentia,id est ncoherentia,5v,16,,C,T3,P0,F2,S22,,,
origines,,,,principia exordia,,5v,17,,B,T2,P0,F2,S22,,,
deducuntur;,,,,transformantur,,5v,18,,,,P0,F2,S22,,,
eorũ ,eorum,,,fontiũ,fontium,5v,21,a,B,T2,P0,F2,S53,,,
clausulae tam generales ,,,[termi]natio nominũ / uaria pͥma ꝑsona/in por in bor,,,5v,21,b,A,T1,P1 left,F4,S53,,,
distinctę;,,,,diuise separate,diuisae separatae,5v,22,,B,T2,P0,F2,S22,,,
aut̃ ,autem,,,ł enĩ,uel enim,5v,23,,B,T2,P0,F2,S22,,,
uenientes ,,,,diriuantes,,5v,24,a,B,T2,P0,F2,S22,,,
termitiones enĩ he sunt;,enim hae sunt,,,s diriuatione generaliũ,scilicet diriuatione generalium,5v,24,b,C,T3,P0,F3,S53,,,
obseruando,,,,custodiendo,,6r,3,,B,T2,P0,F2,S22,,,
ante o.,,,,s uerba,scilicet uerba,6r,4,a,C,T3,P0,F2,S53,,,
lnuenta,,,,&reperta,et reperta,6r,4,b,C,T3,P0,F2,S22,,,
ante ium ,,,,s̃ seruat᷑ c̃sonans,seruatur consonans,6r,6,a,C,T3,P0,F3,S53,,,
litigo,,,,rexo,,6r,6,b,A,T1,P0,F2,S22,,,
litigium,,,,iurgium,,6r,6,c,A,T1,P0,F2,S22,,,
mercor,,,,[effacé] emtores,,6r,6,d,C,T3,P1,F2,S22,,,
commertium.,,,,mercimoniũ,mercimonium,6r,7,a,,,P0,F2,S22,,,
obsono ,,,,contradico,,6r,7,b,A,T1,P0,F2,S22,,,
obsonium,,,,contradictio ł detractio,contradictio uel detractio,6r,7,c,A,T1,P0,F2,S22,,,
uestigo ,,,,porscrutor inquaero,,6r,7,d,A,T1,P0,F2,S22,,,
uestigium,,,,inditiũ pedis,inditium pedis,6r,7,e,A,T1,P0,F3,S23,,,
edifico,,,,ędẽ fatio,aedem facio,6r,8,a,A,T1,P0,F3,S23,,,
edifico,,,,c̃seruo,conseruo,6r,8,b,,,P0,F2,S22,,,
sacrifico,,,,libo,,6r,8,c,A,T1,P0,F2,S22,,,libo sacrifico  uel deglisto
sacrifico,,,,aliqͣͧ  oblatio,aliqua oblatio,6r,8,d,,,P0,F3,S22,,*Il n’avait pas de place au dessus du sacrificium auquel ça porte,
sacrificium,,,,sacrũ factũ,sacrum factum,6r,8,e,A,T1,P0,F3,S54,,,
participo,,,,mancipo cõm(unico),mancipo communico,6r,8,f,A,T1,P0,F2,S22,,,Participo . inꝑcior. ł comunico. Adiuuo ł consortior
mancipium,,,manu++++abeo,,,6r,9,,A,T1,P1 right,F3,S23,,,
mancipium,,,,manu captũ,manu captum,6r,9,a,C,T3,P0,F2,S22,,,Mancipo. manu capta trado  ł in seruitutẽ redigo  ł manifesto
inpero,,,,precipio,,6r,9,b,C,T3,P0,F2,S22,,,
inperium,,,,p̃ceptũ,preceptum,6r,9,c,C,T3,P0,F2,S22,,,
conuiuium,,,,a cummunione uescenciũ̃/nomen habens,,6r,10,a,m0,T0,P0,,S54,,*cenaculum,
prandeo,,,,comedo,,6r,10,b,C,T3,P0,F2,S22,,,
prandeo,,,,p̃sens sedeo,,6r,10,,A,T1,P1 right,F3,S54,,,
gaudeo,,,,letor,,6r,11,a,,,P0,F2,S22,,,
presideo,,,,auxilio,,6r,11,b,,,P0,F2,S22,,,P̃sideo. ꝓtego subleuo opitulor. suffragor ł ꝓpugno
remedium,,,,medela,,6r,12,a,,,P0,F2,S22,,,
conubium,,,,copulatio uiri et femine,,6r,12,b,A,T1,P0,F3,S23,,,
ꝑ iurium,periurium,,,adiutorium,,6r,12,c,A,T1,P1 right,F2,S22,,,
fastidio,,,,nauseo,,6r,13,a,3,,P0,F2,S22,,,
consulo,,,consulo te int̃rogo/consulo tibi ĩꝓuideo,,consulo te interrogo/ consulo tibi prouideo,6r,13,,A,T1,P1 right,F4,S41,,* φροντίζω προνοῶ,
consilum.,,,,ac̃sulendo dictũ.,a consulendo dictum,6r,14,a,C,T3,P0,F3,S54,,,
obsequor,,,,obedio pareo,,6r,14,b,A,T1,P0,F2,S22,,,Obsequor.famulor
domunculo,,,,domũ facio,domum facio,6r,15,a,A,T1,P0,F3,S23,,,
domici/lium,,,,parua casida,,6r,15,b,3,,P1 right,F3,S23,,,
solsto ,,,,solstat,,6r,16,a,3,,P0,F2,S331,,,
solsticium ,,,,Solis stadiũ,Solis *statium,6r,16,b,C,T3,P0,F3,S54,,,
iusto ,,,,adsto ,,6r,16,c,A,T1,P0,F2,S22,,,iusto. publice lugeo;
iusto ,,,,lucto,,6r,16,d,C,T3,,,,,,
iusticium ,,,,luctus publicus,,6r,16,e,A,T1,P0,F3,S23,,,Iustitum :publicus luctus ł puiblici iuris silentũ
cerno ,,,,sedes,,6r,16,f,3,,P0,F2,?,,,
sili/cernium,,,,senes incuru,senes incuruus ?,6r,16,g,3,,P0,F3,S23,,,
sili/cernium,,,,Infirmitas senũ,infirmitas senum,6r,16,h,B,T3,P1 right,F3,S23,,,
Item ante iculum;,,,,s̃ c̃seruatꝰ consonans positionis,scilicet conseruat consonans positionis,6r,17,a,A,T1,P0,F4,S53,,,
ridiculum,,,,Fraus siue,,6r,17,c,3,,P0,F2,S22,,,
ridiculum,,,,irrisio,,6r,17,d,A,T1,P0,F2,S22,,,
perpendo ,,,,Libro ,,6r,18,a,AB,,P0,F2,S22,,,ꝑpendo. m&ior ł estimo. ł libro ł diligent̃ uideo;
perpendo ,,,,coequo,,6r,18,b,C,T3,P0,F2,S22,,,
perpendo ,,,ꝑpendiculũ dt᷑ ++ /coequant᷑ maceria,,"perpendiculum dicitur ++, coequantur maceria",6r,18,,A,T1,P1 right,F4,S23,,,
euerso,,,,destruo,,6r,18,b,C,T3,P0,F2,S22,,,
euersiculum,,,,euersio,,6r,18,c,AB,,P0,F2,S22,,,
deuerto ,,,,qͣsi at euerto,quasi at euerto,6r,19,a,C,T3,P0,F3,S221,,,
deuerticulum ,,,,quasi ipsa declinatio,quasi ipsa declinatio,6r,19,b,C,T3,P0,F3,S53,,*quasi rei uentum,
ueo,,,,a ueando,,6r,19,c,C,T3,P0,F3,S54,,,
uehiculum,,,,potest di plautrũ ,potest di plaustrum,6r,19,d,A,T1,P0,F4,S22,,,
Pereo,,,,obeo [d?++or ?],,6r,19,e,AB,,P0,F2,S22,,,
periculum,,,,discrim̃.,discrimen,6r,20,a,C,T3,P0,F2,S22,,,
ferculum,,,,Uas ubi cibu ferunt̃,,6r,20,b,A,T1,P0,F4,S23,,,ferculũ discus
uincio,,,,constringo necto  ,constringo necto,6r,20,c,AB,,P0 ,F3,S22,,,
uincio,,,,uinco supero,,6r,20,d,B,T2,P1,F2,S22,,,
cingulum,,,,a cingendo,,6r,21,a,AB,,P0,F3,S54,,,
iaculum,,,,nisi lũ s̃ nomina,nidi lum sunt nomina,6r,21,b,AB,,P0,F4,S53,,,
ĩ .i. ,in i,,,s̃ que seruant consonantẽ uerbi,sunt quae seruant consonantem uerbi,6r,23,a,AB,,P0,F4,S53,,,
tegimen,,,,gubernatio regis,gubernatio regis,6r,23,b,A,T1,P0,F3,S23,,,
tego,,,,cooperio ,,6r,24,a,A,T1,P0,F2,S22,,,
tegimen,,,,cooperimentũ,cooperimentum,6r,24,b,A,T1,P0,F2,S22,,,
ante cunđ. e. uel .i,et ante cundus e uel i,,,s̃ seruat᷑ consonan positionis,sunt seruatur consonan positionis,6r,24,c,A,T1,P0,F4,S53,,,
uerecunđ,uerecundus,,,ꝗ habet uerecundiã,qui habet uerecundia,6r,25,,AB,,P0,F4,S23,,,
quoque,,,,s silimit̃,scilicet similiter,6v,1,a,C,T3,P0,F2,S22,,,
quorum,,,,s̃ nominũ,nominum,6v,1,b,B,T2,P0,F2,S53,,,
pleraq;,pleraque,,,plurima,,6v,2,,B,T2,P0,F2,S22,,,
quia,,,,uerba,,6v,3,,C,T3,P0,F2,S53,,,
 significationem,,,,sensũ,sensum,6v,4,,B,T2,P0,F2,S22,,,
uerbaliter,,,,qͣsi ꝑũba,quasi preuerba,6v,5,,B,T2,P0,F2,S22,,,
pre/sertim,,,,ĩ maxime ł ominino,id est maxime uel omnino,6v,6,,A,T1,P0,F2,S22,,,
ubiq;,ubique,,,in õni nomine,in omni nomine,6v,7,,B,T2,P0,F3,S53,,,
positionis ,,,,s̃ pͥme persone,primae personae,6v,8,,A,T1,P0,F3,S53,,,
quaesole ante or,,,,s littere due.,scilicet litterae duae,6v,9,,C,T3,P0,F3,S53,,,
a presentis ,,,,tẽporis indicatiui,temporis indicatiui,6v,10,,A,T1,P0,F3,S53,,,
censor,,,,iudex,,6v,11,a,A,T1,P0,F2,S22,,,
defensor,,,,ꝓtector,protector,6v,11,b,A,T1,P0,F2,S22,,,
conusltor,,,,inꝗsitor,inquisitor,6v,12,a,B,T2,P0,F2,S22,,,
consultor,,,,consiliarius,,6v,12,b,AB,,,,,,,
amator,,,,dilector,,6v,12,c,AB,,P0,F2,S22,,,
uenator,,,,inse[quor] ferarũ ,insequor ferarum,6v,12,d,B,T2,P0,F3,S23,,,
lector,,,,ab oficiũ legendi,ab oficium legendi,6v,12,e,C,T3,P0,F3,S54,,,
petitor,,,,postulator ,,6v,12,f,AB,,P0,F2,S22,,,
auditor,,,,discipulus dr̃,discipulus dicitur,6v,12,g,AB,,P0,F3,S22,,,
desinentium,,,,terminanaciũ,terminancium,6v,17,,AB,,P0,F2,S22,,,
seruantium ,,,,(pr)eseruant,preseruant,6v,19,a,B,T2,P0,F2,S54,,,
sudo,,,,labor,,6v,19,b,B,T2,P0,F2,S22,,,
clamor,,,,ꝓira ponit᷑,pro ira ponitur,6v,20,a,B,T2,P0,F3,S23,,,
obsono,,,,c̃tradico,contradico,6v,20,b,B,T2,P0,F2,S22,,,
opsonor,,,,detractio  .oblocucio,,6v,20,c,AB,,P0,F2,S22,,"*διαβολία διασυρμός, ομιλίας εγκοπή",
error,,,,uagor  ,,6v,21,a,B,T2,P0,F2,S22,,,uagor. circũfero discurro. erro .
rubeo,,,,ꝓcolore ,pro colore,6v,21,b,B,T2,P0,F3,S22,,,
rubor,,,,uerec̃d,uerecundo,6v,21,c,B,T2,P0,F2,S22,,,
marceo,,,,defitio areo tabesco.,,6v,21,d,A,T1,P0,F2,S22,,,Marceo. langueo. ł areo;
marceo,,,,siue macior.,,6v,21,e,C,T3,P0,F2,S22,,,
candeo,,,,splendor,,6v,22,a,B,T2,P0,F2,S22,,,
candor,,,,albor,,6v,22,b,A,T1,P0,F2,S22,,,
algeo,,,,a frigeo,,6v,22,c,C,T3,P0,F3,S54,,,
algor,,,,frigus,,6v,22,d,AB,,P0,F2,S22,,,
olor,,,,odor,,6v,22,e,A,T1,P0,F2,S22,,,
olor,,,,-auis,ordorauis,6v,22,f,C,T3,,,,,,
timeo,,,,& timiditas,et timiditas,6v,23,a,C,T3,P0,F2,S22,,,
tenor,,,,acentꝰ,acentus,6v,23,b,A,T1,P0,F2,S22,,,
stupeo ,,,,admiro,,6v,24,a,A,T1,P0,F2,S22,,,
stupor ,,,,admiratio,,6v,24,b,A,T1,P0,F2,S22,,,
horreo.,,,,timeo,,6v,24,c,A,T1,P0,F2,S22,,,
ferueo ,,,,ardeo incendo,,6v,25,a,A,T1,P0,F2,S22,,,
feruor,,,,calor,,6v,25,b,C,T3,P0,F2,S22,,,
strideo,,,,stride porcoru,stride porcorum,6v,25,c,B,T2,P0,F3,S23,,,
canor,,,,ipsa modulatio ,ipsa modulatio,7r,1,a,C,T3,P0,F3,S22,,,
canor,,,,dr̃ melodia ,dicitur melodia,7r,1,b,A,T1,P0,F4,S22,,,
sapio,,,,intelligo,,7r,2,a,B,T2,P0,F2,S22,,,
furio,,,,insanio  ,,7r,2,b,A,T1,P0,F2,S22,,,
furia,,,,ipsa iracundia,ipsa iracundia,7r,2,c,A,T1,P0,F3,S22,,,
sopio,,,,dormio,,7r,2,d,C,T3,P0,F2,S22,,,
sopor ,,,,ipsa quies sõnii,ipsa quies somnii,7r,3,a,A,T1,P0,F3,S22,,,
liquor,,,,defluo,,7r,3,b,A,T1,P0,F2,S22,,,liquor defluo. labor
liq;ris,liqueris ,,,uerbum/illu liquans,oleum liquans ?,7r,3,c,A,T1,P0,F3,S23,,,
duo,,,,nominũ p̃ dictoꝝ,nominum pre dictorum,7r,3,d,B,T2,P0,F3,S53,,,
penultimã ,,,,s. sillabã.,scilicet sillabam,7r,4,,C,T3,P0,F2,S53,,,
consonans,,,,mille ,,7r,5,,,,P1 left,F2,?,,*Omnes argentei eius mille id est omnes sermones eius consonant in una fide,
madeo,,,,umifio,,7r,6,a,A,T1,P0,F2,S22,,,
madidus,,,,umiđ,umidus,7r,6,b,A,T1,P0,F2,S22,,,
splendidus,,,,luciđ ,lucidus,7r,7,a,A,T1,P0,F2,S22,,,
splendidus,,,,fulgidus,,7r,7,b,C,T3,P0,F2,S22,,,
sordeo,,,,squaleo,,7r,7,c,A,T1,P0,F2,S22,,,
sordidus ,,,, tͫpisseđ ,turpis sedus,7r,7,d,A,T1,P0,F2,S22,,,
frigeo,,,,algeo,,7r,7,e,A,T1,P0,F2,S22,,,
torreo ,,,,arefio uro,,7r,7,f,A,T1,P0,F2,S22,,,
torridus,,,,arefactꝰ siccus,arefactus siccus,7r,8,a,A,T1,P0,F2,S22,,,
ferueo ,,,,splendo ,,7r,8,b,B,T2,P0,F2,S22,,,
ferueo ,,,,studeo,,7r,8,c,C,T3,P0,F2,S22,,,
feruidus,,,,caliđ,calidus,7r,8,d,B,T2,P0,F2,S22,,,
tepidus,,,,dr̃ tẽperatꝰ,dicitur termperatus,7r,9,a,A,T1,P0,F2,S22,,,
stupidus,,,,timidus. siue admirans,stupidus siue admirans,7r,9,b,A,T3,P0,F2,S22,,,
aridus ,,,,siccꝰ,siccus,7r,10,a,A,T1,P0,F2,S22,,,
rapio ,,,,tollo ,,7r,10,b,B,T2,P0,F2,S22,,,
rapio,,,,aufero,,7r,10,c,C,T3,P0,F2,S22,,,
rapidus,,,,agilis ,,7r,10,d,B,T2,P0,F2,S22,,,
rapidus,,,,uelox,,7r,10,e,A,T1,P0,F2,S22,,,
 cupio ,,,,desidero ,,7r,10,e,B,T2,P0,F2,S22,,,
cupidus,,,,auidus,,7r,10,f,A,T1,P0,F2,S22,,,
uiuidus,,,,sagax & agilis,sagax et agilis,7r,11,a,C,T3,P0,F2,S22,,,
fluuidus.,,,,decurrens ł fluens,decurrens uel fluens,7r,11,b,A,T3,P0,F2,S22,,,fluuidus. fluens decurrens solutus humor;
ꝓferuntur,proferuntur,,,dic̃t᷑,dicitur,7r,12,,B,T1,P0,F2,S22,,,
prandus,,,,opulator,opitulator,7r,13,a,B,T2,P0,F2,S22,,"*Kail=pando !! Sedilius Scottus//Detrahit quidem, ut ab inuideo et prandeo inuidus et prandus causa sonoritatis minus una syllaba proferuntur",
trepidus,,,,r,,7r,13,b,m0,T0,P0,F1,S611,,*rajout,
trepido,,,,formido,,7r,13,c,B,T2,P0,F2,S22,,,
ante clausulã,ante clausulam,,,ante terminacionis,,7r,19,a,B,T2,P0,F3,S22,,,
seruantia,,,,& habentia,et habentia,7r,19,b,C,T3,P0,F2,S22,,,
teges,,,,ipsũ cooperimentũ.,,7r,20,a,A,T1,P0,F3,S22,,,
mergo,,,,infundo  ⁊  inolino,,7r,20,b,B,T2,P0,F2,S22,"https://www.jstor.org/stable/pdf/310648.pdf p.135 note.5*Mergi: corvi maritimi, dicuntur corvi a crebra mersione;
 merges vero mergitis, dicuntur manipuli segetum. Cf. BE p. 258.18:
 Mergi, corvi marini, S and Vat. Geor. 2, 517, DS Aen. 5, 128, Suet.
 Diff. Verb., p. 281 Reiff.' /note/ I Cf. R p. 204.13: corvi aquatici; Festus 124.IM., LG 222.18, C.G.L. IV, 372.26
 (Amplon.), Isid. Orig. 12, 7, 54. Remigius in Focam (p. 419.28K) has something
 similar: Mergus mergi, corvus aquaticus a frequenti mersione. Mergitis manipulus
 spicarum. See Didaskaleion II (1913), p. 83 (Manitius). Cf. m. 5 on Aen. 5, 128:
 Mergi sunt corvi mari (sic) a crebra mersione dicti", Merges fascis spicarũ ł lim,
mergo,,,coruus maritimꝰ dr,,coruus maritimus dicitur,7r,20,f,B,T2,P1 right,F4,S23,,,
luo,,,,penas soluo ,,7r,20,c,A,T1,P0,F2,S22,,,
cedes,,,,clades . ꝑcutio,clades percutio,7r,20,d,A,T1,P0,F2,S22,,,
struo,,,,congero,,7r,20,e,C,T3,P0,F2,S22,,*scholie à droite liée à ?,
torqueo,,,,affligo ,,7r,22,a,A,T1,P0,F2,S22,,,intorqueo . uibro
torqueo,,,,uereo,,7r,22,b,B,T2,P0,F2,S22,,,
torquis,,,,circulus aureus ,circulus aureus ,7r,22,c,A,T1,P0,F3,S23,,,
torquis,,,,a torquendo,,7r,22,d,B,T2,P0,F3,S54,,,
fatilis ,,,, leuis,,7r,23,a,A,T1,P0,F2,S22,,,
fatilis ,,,,qͣsi possibilis,,7r,23,b,B,T2,P0,F2,S22,,,
utilis ,,,,uibilis,,7r,23,c,B,T2,P0,F2,S22,,,
utilis ,,,,uelox,,7r,23,d,A,T1,P0,F2,S22,,,
efutio ,,,,inanesco,,7r,23,e,A,T1,P0,F2,S22,,,
efutilis,,,,uacuus instabilis,,7r,23,f,A,T1,P0,F2,S22,,,Effutlis inutilis ł in stablis uanꝰ ł loquax; 
docibilis,,,,ꝗ facile poti doceri,qui facile poti doceri,7r,24,a,A,T1,P0,F4,S23,,,
docibilis,,,docibilis dr̃ sermo ꝗ facile  discit᷑,,docibilis dicitur sermo qui facile discitur,7r,24,,A,T1,P0,F4,S23,,,
occido,,,,ex ob& cado,ex obet cado,7r,24,b,B,T2,P0,F3,S54,,,
.s. nubo nubilis ,,nubilis dr̃ apta ad/muliem du[xi?],,,,7r,24,c,A,T1,P0,F4,S23,,,Nubo cõiugẽ duco; Nubilis ad nubendũ habilis
occiduus,,,,occidentalis,,7r,25,a,B,T2,P0,F2,S22,,*occidualis/occidentalis,
p̃do,perdo,,,uasto,,7r,25,b,B,T2,P0,F2,S22,,,
p̃duus ,perduus,,,ꝓpmtꝰ p̃de ,promtus prede,7r,25,c,A,T1,P0,F3,S22,,,
cedo,,,,paucior ãbulo,Paucior ambulo,7r,25,d,B,T2,P0,F3,S22,,,Cedo transigo conficio
cedo,,,,in,incedo,7r,25,e,AB,,P0,F2,S611,,,
perspicuus ,,,,ꝗ bene potest ꝑspicere,qui bene potest perspicere,7v,1,a,A,T1,P0,F3,S23,,,
duido ,,,,secaro ,,7v,1,b,B,T2,P0,F2,S22,,,
diuiduus,,,,diuisibilis ,diuisibilis,7v,1,c,A,T1,P0,F2,S22,,,
diuiduus,,,,⁊ mobilis,et mobilis,7v,1,d,B,T2,P0,F2,S22,,,
ltem in ulus.,,,,seruat &iã c̃sonans,seruat et iam consonans,7v,1,e,A,T1,P0,F2,S53,,,
bibulus ,,,,potator ꝗ non sit satꝰ,potator qui non sit satus,7v,2,a,A,T1,P0,F4,S23,,,
pendo pendulus,,,,[ꝗ] indiget auxilio alterius,qui indiget auxilio alterius,7v,2,b,B,T2,P0,F4,S23,,*cf. sens fig. scholia in Priscianum et SedSchott : quod per se absolutus non indiget auxilio alterius partis ad plenam significationem licet deficiat per tempora et significationes.,
credulus,,,, ꝗ dignꝰ ÷ ut credat᷑, qui dignus est ut credatur ,7v,2,c,A,T1,P0,F4,S23,,,
credulus,,,, ꝗ facile cređ ,qui facile creditus ,7v,2,d,B,T2,P0,F3,S23,,,
strido,,,,sono,,7v,2,e,B,T2,P0,F2,S22,,,
gerulus,,,,portator,,7v,3,a,C,T3,P0,F2,S22,,,
legulus,,,,assiduus in lectione,,7v,3,b,A,T1,P0,F3,S23,,,
murilegulus,,,,captator  mures,,7v,4,a,A,T1,P0,F3,S23,,"*mus-muris = souris *Κογχυλευταί, in Gloss. Qui legendis conchyliis, seu murice, vel purpura, ad fucationem, seu ad colorandam et tingendam blattam sericam et metaxam in usus Principis, operam dabant, de quibus copiose agit titulus Cod. Th. (10, 20.) et Justin. (11, 8.) de Murilegulis, ubi et Conchyloleguli dicuntur. Vide ibi Cujacium et Jacobum Gothofredum.",
tremo ,,,,mobo ł,mobo ? Uel,7v,4,b,B,T2,P0,F2,S22,,,
tremulus,,,,titubans ñ finiꝰn,titubans non fini[ens ?],7v,4,c,A,T1,P0,F3,S23,,,
cerno ,,,,inclino uideo ,,7v,4,d,B,T2,P0,F2,S22,,,
cernulus,,,,inspector,,7v,4,e,A,T1,P0,F2,S22,,,
queror,,,,reclamo,,7v,5,a,B,T2,P0,F2,S22,,,
querulus,,,,questor ,,7v,5,b,B,T2,P0,F3,S22,,,
querulus,,,,quasi reclamator ,,7v,5,c,C,T3,P0,F2,S22,,,
adopto,,,,associo,associo,7v,5,d,A,T1,P0,F2,S22,,,
adoptulus,,,,quasi adoptiuus,quasi adoptiuus,7v,5,e,A,T1,P0,F2,S22,,,
uoro ,,,,comedo ,,7v,6,a,A,T1,P0,F2,S22,,,
uorax,,,,commesor,commesor,7v,6,b,A,T1,P0,F2,S22,,,
audax,,,,statis animo,statis animo,7v,6,c,A,T1,P0,F3,S22,,,
tumans,,,,inflatꝰ,inflatus,7v,7,a,A,T1,P0,F2,S22,,,
contumeo,,,,suꝑb;,superbis ?,7v,7,b,A,T1,P0,F2,S22,,,
contumax,,,,arrogans c̃tem̃tor ,arrogans contemptor,7v,7,c,A,T1,P0,F2,S22,,,
tenax,,,,parcus ,,7v,7,d,B,T2,P0,F2,S22,,,
tenax,,,,auarꝰ ł ꝗcqđ conglutinat,auarus uel quicquid conglutinat,7v,7,e,A,T1,P0,F4,S23,,,
dicax ,,,,loquax  ,,7v,8,a,A,T1,P0,F2,S22,,,
dicax ,,,,eloquens ł multũ loquens,uel multum loquens,,8,b,B,T2,P0,F3,S22,,,
carax,,,,indiguus,indiguus,7v,8,c,A,T1,P0,F2,S22,,,carax.exinanitus
rapio,,,,aufero,,7v,8,d,A,T1,P0,F2,S22,,,
perspicio,,,,totũ uideo,totum uideo,7v,9,a,B,T2,P0,F3,S23,,,
perspicax,,,,diluciđ manifestꝰ,dilucidus manufestus,7v,9,b,A,T1,P0,F2,S22,,,
efficax,,,,acius uelox,,7v,9,c,B,T2,P0,F2,S22,,,
fallax.,,,,decptor,,7v,9,d,A,T1,P0,F2,S22,,,fallor? decipio frustror
emax,,,,negotiator,,7v,10,a,A,T1,P0,F2,S22,,,
uiuax,,,,ꝗ diu uiuit,qui diu uiuit,7v,10,b,A,T1,P0,F4,S23,,,
capax,,,,c̃tinens,continens,7v,10,c,B,T2,P0,F2,S22,,,
sagio,,,,p̃sagio ,presagio ,7v,10,d,A,T1,P0,F2,S22,,,
sagio,,,,diuino,,7v,10,e,B,T2,P0,F2,S22,,,
sagax,,,,agilis astutus,agilis astutis,7v,11,a,A,T1,P0,F2,S22,,,
presagax,,,,p̃scius futura,prescius futura,7v,11,b,A,T1,P0,F3,S23,,,
salax,,,,ꝗ frequent̃ sallit,qui frequenter  sallit,7v,11,c,A,T1,P0,F4,S23,,,
latex,,,,foris eoqđ latet,foris eo quod latet,7v,14,a,B,T2,P0,F4,S23,,,
uertex,,,,sumitas capitis,sumitas capitis,7v,14,b,B,T2,P0,F2,S22,,,
nibus,,,,s̃ in nomine,Scilicet in nomine,7v,15,,B,T2,P0,F3,S53,,,
clausu/lam,,,,t̃minacionẽ,terminacionem,7v,17,,A,T1,P0,F2,S22,,,
stabulum,,,,a stanto?,a stanto ?,7v,20,a,A,T1,P0,F3,S54,,,
uocabulũ,,,dr̃ nom̃ in corporalis rei seu in/animabus,,dicitur nomen in corporalis rei seu in animabus,7v,20,b,A,T1,P1 right,F4,S23,,,
patibulum,,,,crux  ł torm̃ta,crux uel tormenta,7v,21,a,A,T1,P0,F2,S22,,,
fundibu/lum,,,,locꝰ ubi aliꝗd funditur,locus ubi aliquid funditur,7v,21,b,A,T1,P0,F4,S23,,,
ludo,,,,scribo ⁊ ioco,scribo et ioco,7v,22,,B,T2,P0,F2,S22,,,
furibundus,,,,insanꝰ,insanus,7v,24,,B,T2,P0,F2,S22,,,
scriba,,,,legis doctor,,8r,5,a,A,T1,P0,F3,S23,,"*sed a uerbis quarte coniugacionis producitur, ut rnunimen, molimen, linimen, etc",
pronuba,,,,mulier ꝗ disponit nuptias,mulier qui disponit nuptias,8r,5,b,A,T1,P0,F4,S23,,,ꝓnuba. quę nubentibus p̃÷ łquae utrũq c̃iugit;
fuga ,,,,ipsa ꝓfeccio ,,8r,6,a,B,T2,P0,F3,S22,,,
profugio,,,,porro fugio,,8r,6,b,B,T2,P0,F3,S54,,,
aduenio,,,,peregrinꝰ,peregrinus,8r,6,c,B,T2,P0,F2,S22,,,
lenio,,,,blandior,,8r,7,a,A,T1,P0,F2,S22,,,
lena,,,,sillex,,8r,7,b,A,T1,P0,F2,S22,,,lena c̃cilatrox meretricũ;
conuenio,,,,adolator ,,8r,7,c,A,T1,P0,F2,S22,,,
conuenio,,,,deceptrix,,8r,7,d,B,T2,P0,F2,S22,,,
conuena,,,,ꝗ simulcũ aliis conuenit,,8r,7,e,A,T1,P0,F4,S23,,,Conuena.de diuersis uenientes locis
adsecula,,,,qͣsi serui mitis,,8r,7,f,B,T2,P0,F3,S23,,,assecula. domesticus diens familiaris subiectus;
terrigena,,,,ex t̃ra genitus,ex terra genitus,8r,8,,A,T1,P0,F3,S54,,,
conuiuo,,,,c̃ alia uiuo ,,8r,9,a,B,T2,P0,F3,S54,,,
conuiua,,,,comescor manduco,,8r,9,b,B,T2,P0,F2,S22,,,
insidiae,,,,deceptiones,,8r,9,c,A,T1,P0,F2,S22,,,
suadeo,,,,ortor,,8r,10,a,A,T1,P0,F2,S22,,,
suadela,,,,oratio,,8r,10,b,B,T2,P0,F2,S22,,,
lucina,,,,luna,,8r,11,,B,T2,P0,F2,S22,,,
ruo,,,,cado,,8r,12,a,B,T2,P0,F2,S22,,,
ruina,,,,euersio,,8r,12,b,B,T2,P0,F2,S22,,,
rapio,,,,tollo,,8r,12,c,B,T2,P0,F2,S22,,,
rapina,,,, p̃da,,8r,12,d,B,T2,P0,F2,S22,,,
cubo,,,,a cubando,,8r,12,e,A,T1,P0,F3,S54,,,Cubo reqͥesco.
mascłna,,,s genꝰ monstri,,genus monstri,8r,13,,B,T2,P1 right,F3,?,,,
epulo,,,,comedo ,,8r,14,a,A,T1,P0,F2,S22,,,
epulor,,,,uorax cõmesor,,8r,14,b,B,T2,P0,F2,S22,,,
latro,,,,a latendo,,8r,14,c,A,T1,P0,F3,S54,,,
lenio,,,,deceptor,,8r,14,d,B,T2,P0,F2,S22,,,
leno,,,,seductor,,8r,14,e,A,T1,P0,F2,S22,,,
comedo,,,,gluto,,8r,14,f,Β,Τ2,P0,F2,S22,,,
palpo,,,palpo potest dici papilio/at palpo potest dici dirigo,,,8r,14,g,A,T1,P1 right,F4,S22,,,
uerbero,,,,ꝑcucuio,percutio,8r,15,a,Β,Τ2,P0,F2,S22,,,
incubo,,,,genꝰ demonũ,genus demonum,8r,15,b,Β,Τ2,P0,F3,S52,,"*
Glossae biblicae in codice Fuldensi (Fulda, Hessische Landesbibliothek, Aa 2, [F], ff. 38r-117u, saec. x) seruatae - LLT
sectio: 36 (glossae in Isaiam), glossa: 48, pag.: 318, linea: 19//incubi uel satyri uel siluestres homines quos nonnulli fatuos carios uocant uel demonum genera:",Incubo immineo. insto.
turpedo,,,,foditas,,8r,17,a,A,T1,P0,F2,S22,,,
cupio,,,,desidero ,,8r,17,b,A,T1,P0,F2,S22,,,
cupido,,,,ꝗdã deus,,8r,17,c,Β,Τ2,P0,F3,S554,,,
libido ,,,,uoluptas,,8r,17,d,Β,Τ2,P0,F2,S22,,,
formido,,,,terror timor,,8r,17,e,A,T1,P0,F2,S22,,,
caligo,,,,qͣsi cecitas,,8r,18,a,Β,Τ2,P0,F2,S22,,,
propago ,,,,ad ui nite res ꝑtinet,ad ui nitae res pertinet,8r,18,b,A,T1,P0,F4,S23,,,ꝓpago linea generis
comedo,,,,manduco,,8r,18,c,Β,T2,P0,F2,S22,,,
opinor,,,,estimo,,8r,19,a,A,T1,P0,F2,S22,,,
opinio,,,,autumatio,,8r,19,b,A,T1,P0,F2,S22,,,
positionis ,,,,s̃ ũbi,scilicet uerbo,8r,21,a,A,T1,P0,F2,S22,,,
parco,,,,indulgeo,,8r,21,b,A,T1,P0,F2,S22,,,
parcus,,,,abstinens frui,,8r,21,c,A,T1,P0,F3,S23,,,
ludo,,,,iocor,,8r,22,a,A,T1,P0,F2,S22,,,
ludus,,,,iocus,,8r,22,b,A,T1,P0,F2,S22,,,
fidus,,,,in quo fiducia habet᷑/amicus,,8r,22,c,A,T1,P0,F4,S23,,,
pando,,,,aperio,,8r,22,d,A,T1,P0,F2,S22,,,
pandus,,,,aprtus,,8r,22,e,A,T1,P0,F2,S22,,,
lucꝰ,,,,nemora silue,,8r,22,f,A,T1,P0,F2,S22,,,
arceo,,,,uello,,8r,23,a,Β,T2,P0,F2,S22,,,
arcus,,,,ab arcendo,,8r,23,b,A,T1,P0,F3,S54,,,
metuo,,,, aciđt,acciderit,8r,23,c,A,T1,P0,F2,S42,,"*
Isidorus Hispalensis - De differentiis rerum siue Differentiae theologicae uel spiritales (Liber differentiarum II) (CPL 1202) - LLT
cap.: 41, pag.: 105, linea: 18//Ex his autem duo sunt futuri temporis, ante quid eueniat, metus et cupiditas; alia duo praeteriti, cum quid acciderit, gaudium et dolor.",
multiscius,,,,multa sciens,,8r,24,a,Β,T2,P0,F3,S54,,,
inscius,,,, noscius,,8r,24,b,A,T1,P0,F2,S22,,,
p̃scius,,,,antescius,,8r,24,c,A,T1,P0,F2,S22,,,
efluus,,,,retro currens,,8r,24,d,A,T1,P0,F3,S23,,,
inuideo,,,,ꝗ fert inuidiã,qui fert inuidiam,8r,25,a,Β,T2,P0,F2,S54,,,
ꝓfugus,profugus,,,porro fugatus.,,8r,25,b,A,T1,P0,F2,S54,,,
luctisicus,,,,luctũ faciens,luctum faciens,8v,1,,A,T1,P0,F3,S23,,,
terrificus,,,,t̃rore m̃ fatiens,terrore men fatiens,8v,2,a,A,T1,P0,F3,S23,,,
beneficus,,,,fatiens bene,,8v,2,b,A,T1,P0,F3,S23,,,
ueneficus,,,,tentator ł seductor,tentator uel seductor,8v,2,c,A,T1,P0,F2,S22,,,
fatidicus,,,,diuͥnꝰ,diuinus,8v,2,d,Β,Τ2,P0,F2,S22,,,
beneuolus,,,,ꝗ bene uult ,qui bene uult,8v,4,a,A,T1,P0,F4,S23,,,
maliuolus,,,,inuiđ,inuidius,8v,4,b,A,T1,P0,F2,S22,,,
naufragus,,,,ꝗ cađ de naue,qui cadit de naue,8v,5,,Β,Τ2,P0,F4,S23,,,
uadũ,uadum,,,locus in fluminib;,locus in fluminibus,8v,6,a,Β,Τ2,P0,F3,S23,,,
uadis,,,,fideiussor,,8v,6,b,A,T1,P0,F2,S22,,*εγγυητής,
scalprum,,,,ab incidendũ,ab incidendum,8v,7,a,Β,Τ2,P0,F3,S23,,*forse ad incidendum = pour tuer,
fulcrũ,fulcrum,,,ornamentũ lecti,ornamentum lecti,8v,7,b,A,T1,P0,F3,S23,,,fulcrũ.ornam̃tũ lecti. dictũ qđ eo fultam᷑ id ÷ sustentem᷑ ł lectus & cubile;
iugũ,iugum,,,a iugendo,,8v,7,c,Β,Τ2,P0,F3,S54,,,
rara,,,,pauca,,8v,10,,Β,Τ2,P0,F2,S22,,,
inceptiuã,inchoatiuam,,,inchoatiuam,,8v,11,,Β,Τ2,P0,F2,S22,,,
clausulã,,,,t̃minacione,terminacione,8v,12,,Β,Τ2,P0,F2,S22,,,
cornicen,,,,cornu carens,,8v,13,,A,T1,P0,F3,S54,,"* même expl que 
Ars Bernensis - LLT
pag. : 74, linea : 1",
liticen,,,,lituo canens,,8v,14,a,A,T1,P0,F3,S54,,"* même expl que Ars Bernensis - LLTpag. : 74, linea : 2",
tibicen,,,,musatores,,8v,14,b,Β,Τ2,P0,F2,S22,,,
compos,,,,sotius siue effector uotiui,,8v,14,c,A,T1,P0,F3,S22,,,Cõpos possessor ł assecutor uoti;
auxpex,,,,inspector auiũ aurator,,8v,15,a,A,T1,P0,F3,S23,,,Auspex. qͥ auiũ auspicia id÷ quasi ospitia captat.
opifex,,,,adiutoriũ fatiens,,8v,15,b,A,T1,P0,F3,S23,,,
auceps,,,,aues capiens,,8v,16,a,A,T1,P0,F3,S54,,,
obex,,,,oppositio,,8v,16,b,A,T1,P0,F2,S22,,,
p̃ses,praeses,,,ꝗ alios excellit,,8v,17,a,A,T1,P0,F4,S23,,,
deses,,,,stultꝰ inconstans desidios,stultus inconstans desidios,8v,17,b,A,T1,P0,F2,S22,,,
quies,,,,reꝗes,requies,8v,17,c,A,T1,P1 right,F2,S22,,,
in tor in trix,,,,ł,uel,8v,21,,A,T1,P0,F1,S611,,,
(sdr) etiam in diriuationibus,,,(sdr) hoc ẽ in diriuatiuis nominib;,,,8v,24,,Β,Τ2,P1 left,F4,S53,,,
mutatione,,,,ꝑẽuersionẽ,peruersione,8v,25,,Β,Τ2,P0,F2,S22,,,
orac[ulũ],oraculum,,,responsũ diuinũ,responsum diuinum,9r,1,a,Β,Τ2,P0,F3,S22,,,
ꝓpugnanculũ,propugnaculum,,,torris ubi pugnatiũ,torris ubi pugnantium,9r,1,b,A,Τ1,P0,F3,S23,,,
fundamentum,,,,s̃ stabilitas dοmoru,scilicet stabilitas domorum,9r,2,a,Β,Τ2,P0,F3,S23,,,
sacram̃tũ,sacramentum,,,secretũ ł ocrultũ ,secretum uel occultum ,9r,2,b,A,Τ1,P0,F3,S22,,,
sacram̃tũ,,,,⁊ iuramentũ,et iuramentum,9r,2,c,Β,Τ2,P0,F2,S22,,,
munimentũ,,,,ꝓtectio ł tutela ,protectio uel tutela,9r,3,a,A,Τ1,P0,F3,S22,,,
munimentũ,,,,scutũ,scutum,9r,3,b,Β,Τ2,P0,F2,S22,,"*scutum = bouclier, égide",
alimentũ,,,,cib; qualiscũq; ,cibus qualiscumque,9r,3,c,A,Τ1,P0,F3,S222(hyponyme expliqué par un hyperonyme),,,
alimentũ,,,,pabulũ,pabulum,9r,3,d,Β,Τ2,P0,,S23,,,
incrementũ,,,,aum̃tũ increm̃tũ,aumentum incrementum,9r,3,e,A,Τ1,P0,F3,S22,,,
numen ,,,,potestas ,,9r,4,a,A,Τ1,P0,F3,S22,,,
numen ,,,,diuina,,9r,4,b,Β,Τ2,P0,,,,,
solamen,,,,solatiũ ,solatium ,9r,4,c,A,Τ1,P0,F2,S22,,,
solamen,,,,auxiliũ,,9r,4,d,Β,Τ2,P0,,,,,
foramen,,,,tenebracio aliqͣ,tenebracio aliqua,9r,4,e,Β,Τ2,P0,F2,S22,,,
purgamen,,,,purificatio,,9r,4,f,A,Τ1,P0,F2,S22,,,
fl[amen],,,,[sa]cerdotũ iouis significat,sacerdotum iouis signis,9r,4,g,A,Τ1,P1 right,F4,S554(mythologique ou littérature latine),,,
liquamen,,,,res humida ◌͛ humida res,,9r,5,a,Β,Τ2,P0,F3,S22,,,
certamen,,,,pugnam̃ ,pugnamen,9r,5,b,Β,Τ2,P0,F2,S22,,,
agmen,,,,pugna,,9r,5,c,Β,Τ2,P0,F2,S22,,,
fragmen,,,,mole,,9r,5,d,Β,Τ2,P0,F2,S22,,,
linimen,,,,aliqua unctura,,9r,6,a,Β,Τ2,P0,F3,S22,,,
flumen,,,,aqͣ currens,aqua currens,9r,6,b,Β,Τ2,P0,F3,S23,,,
amabilis,,,,dignꝰ amore,dignus amore,9r,7,a,A,Τ1,P0,F3,S23,,,
laudabilis,,,,dignꝰ laude,dignus laude,9r,7,b,A,Τ1,P0,F3,S23,,,
mobilis,,,,ꝗ motũ patitur,qui motum patitur,9r,8,,A,Τ1,P0,F3,S23,,,
in tius,,,,i,in itius,9r,10,,A,Τ1,P0,F2,S611,,,
probatio,,,,exa,,9r,14,a,Β,Τ2,P0,F2,S22,,,
equatio,,,,p̃portio,proportio,9r,14,b,Β,Τ2,P0,F2,S22,,,
exhibitio,,,,adtributio,,9r,14,c,A,Τ1,P0,F2,S22,,,
obseruatio,,,,custodia,,9r,14,d,A,Τ1,P0,F2,S22,,,
obiurgatio,,,,increpatio,,9r,16,,A,Τ1,P0,F2,S22,,,Obrigatio caretio. induratio ł congelatio. fultor sustentator; 
bellator,,,,seruat᷑,seruatur consonans,9r,17,a,Β,Τ2,P0,F2,S22,,,
fultor,,,,sustentator,,9r,17,b,Β,Τ2,P0,F2,S22,,,
fultrix,,,,adminiculatrix,,9r,17,c,A,Τ1,P0,F2,S22,,"*adminiculatrix est cupiditas uel amor carnalis, symoniam uidetur facere, uel saltem turpem contractum.",
victor,,,,discipuli,,9r,18,a,Β,Τ2,P0,F2,S22,,*Sanctus Victor discipulus,
petitor,,,,a petendo,,9r,18,b,A,Τ1,P0,F3,S54,,,
ab eo,,,,ipsũ documentũ  ,ipsum documentum,9r,20,a,A,Τ1,P0,F3,S53,,,
doctrina,,,,sapientia,,9r,20,b,Β,Τ2,P0,F2,S22,,,
tonsor,,,,ꝗ aliꝗd tondit,qui aliquid tondit,9r,20,c,Β,Τ2,P0,F4,S54,,,
tonstrina,,,,ipsa res ł domus,ipsa res uel domus,9r,21,a,A,T1,P0,F2,S23,,,
textrina,,,,offitiale nom̃,,9r,21,b,A,T1,P0,F3,?,,*nom d’un métier,
optatiuus,,,,desideratiuus,,9r,22,a,Β,Τ2,P0,F2,S22,,,
subtilitiuus,,,,subiectiuus,,9r,22,b,Β,Τ2,P0,F2,S22,,,
mutatione,,,,c̃uersione,,9r,24,,Β,Τ2,P0,F2,S22,,,
uisio,,,,ꝑspicuitas.,perspicuitas,9r,25,,Β,Τ2,P0,F2,S22,,,
iussor,,,,ꝗ imperit,qui imperit,9v,1,a,A,T1,P0,F4,S23,,,
suasor,,,,adortator,,9v,1,b,Β,Τ2,P0,F2,S22,,,
pransor,,,,epulator,,9v,1,c,A,T1,P0,F2,S22,,,
lusor,,,,ioculatores,,9v,2,a,Β,Τ2,P0,F2,S22,,,
uisibilis,,,,que uidet᷑,que uidetur,9v,2,b,Β,Τ2,P0,F4,S23,,,
plausibilis,,,,ꝑuissibilis,prouisibilis,9v,2,c,Β,Τ2,P0,F2,S22,,,plausibilis. popularis uulgaris
passibilis,,,,mutabilis,,9v,3,a,Β,Τ2,P0,F2,S22,,,
sensibilis,,,,ꝗ potest sentiri,qui potest sentiri,9v,3,b,A,T1,P0,F4,S23,,,
missibilis,,,,aptis ad mittendũ ,aptis ad mittendum,9v,3,c,A,T1,P0,F3,S23,,,
flatilis,,,,qui◌̾ sub÷ flabilis ł inanis,qui bu est flabilis uel inanis,9v,3,d,Β,Τ2,P0,F3,S23,,,
fictilis,,,,cõpossibilis,compossibilis,9v,3,e,Β,Τ2,P0,F2,S22,,,
altilis,,,,++++ ł saginatus,uel saginatus,9v,4,a,Β,Τ2,P0,F2,S22,,,Altilis. studiose saginatꝰ
scriptilis,,,,abilis ad scribendũ ,abilis ad scribendum,9v,4,b,A,T1,P0,F3,S23,,,
tortilis,,,,funis,,9v,4,c,Β,Τ2,P0,F2,S22,,,Tortilis. qͥ torqui.er. potest
aduectitius,,,,deportatitius,,9v,5,a,A,T1,P0,F2,S22,,,
commentatitius,,,,ex cogitatiuus ł ,excogitatus uel ,9v,5,b,Β,Τ2,P0,F2,S22,,,
commentatitius,,,,argum̃tatiuus,argumentatiuus,9v,5,c,A,T1,P0,F2,S22,,,
statio,,,,ipsa res,,9v,6,a,Β,Τ2,P0,F2,S22,,,
cedo,,,,diuido,,9v,6,b,A,T1,P0,F2,S22,,,
rupes,,,,saxe,,9v,9,a,Β,Τ2,P0,F2,S22,,,
ambigo,,,,dubito,,9v,9,b,A,T1,P0,F2,S22,,,
ambages,,,,dubietates,,9v,10,,A,T1,P0,F2,S22,,,Ambages uerboꝝ circuitꝰ fermonũ ꝑplexitas;
diriuatiue,,,, dct̃r᷑ a uerƀ,quia ducuntur a uerbis,9v,13,,Β,Τ2,P0,F4,S521,,,
amandus,,,,dignꝰ amari,dignus amari,9v,14,,Β,Τ2,P0,F3,S23,,,
,mihi nom̃ ++ inđ erit/ uer?um,,,,mihi nomen +++dus erit/ver ?um ?,9v,14,,A,T1,P1 left,F4,S72,,,
in accidentib; ,in accidentibus,,,in adiectiuis,in adiectiuis,9v,18,,Β,Τ2,P0,F3,S22,,,
uocabulis,,,,nominib;,nominibus,9v,19,,Β,Τ2,P0,F2,S22,,,
pictura,,,,immago,,9v,20,,Β,Τ2,P0,F2,S22,,,
censura,,,,res ad iudicatio,,9v,21,a,A,T1,P0,F2,S23,,,Censura decus. seueritas. honor iuditia ł
litura,,,,linitio,,9v,21,b,A,T1,P0,F2,S22,,,
miniculo,,,,ausilio,,9v,24,a,A,T1,P0,F2,S22,,,
repperire,,,,inuenire,,9v,24,b,A,T1,P0,F2,S22,,,
conten/tus,,,,suffitiens,,10r,14,,A,T1,P0,F2,S22,,,
temtabo,,,,p,temptabo,10r,17,,m0,T0,P0,F1,S611,,,
ostendere,,,,manifestare,,10r,21,,A,T1,P0,F2,S22,,,
mere,,,,iđ pure,id est pure ,10v,2,a,A,T1,P0,F2,S22,,,
nomibus,,,,ni,nominibus,10v,2,b,A,T1,P0,F1,S611,,,
propriis,++++modi uerbis +propriis,,,,,10v,3,,AB,,P1 right,F4,S53,,,
accidentibus,erit huiusmodi uer.,,,,,10v,4,a,,,P1 left,F2,S53,,,
accidentibus,,,,ĩadiectiuis,id est adiectiuis,10v,4,b,A,T1,P0,F3,S22,,,
superuacua,,,,suꝑflua,superflua,10v,6,a,A,T1,P0,F2,S22,,,
traductio,,,,deriuacio,deriuacio,10v,6,b,B,T2,P0,F2,S22,,,
clementia,,,,misericordia,,10v,9,a,3,,P0,F2,S22,,,
dementia,,,,insania,,10v,9,b,A,T1,P0,F2,S22,,,
sollertia,,,,prudentia sagacitas,,10v,9,c,A,T1,P0,F2,S22,,,
inertia,,,,pigritia ł stultitia,pigritia uel stultitia,10v,9,d,A,T1,P1 left,F2,S22,,,
acredo ,,,,acerbitas,,10v,11,a,3,,P0,F2,S22,,,
seueritas,,,,crudelitas,,10v,11,b,A,T1,P0,F2,S22,,,
hospitalitas,,,,receptio hospitũ,receptio hospitum,10v,12,a,3,,P0,F3,S23,,,
paupertas,,,,egestas,,10v,12,b,3,,P0,F2,S22,,,
pene,,,, ñ õnes,quia non omnes ,10v,16,,B,T2,P0,F3,S521,,,
turba,,,,cont᷑bacio,conturbacio,10v,17,,B,T2,P0,F2,S22,,,
predor,,,,deponens uasto,,10v,18,a,AB,,P0,F3,S22 et S331,,,
fuga ,,,,dr̃ fugitiuus,dicitur fugitiuus,10v,18,b,A,T1,P0,F3,S54,,,
fugo,,,,repẽllo ac,repello,10v,18,c,A,T1,P0,F2,S22,,,
stillo,,,,defluo,,10v,19,a,AB,,P0,F2,S22,,,
stipulor,,,,int̃rogo ł inꝗro spondeo,interrogo uel inquiro spondeo,10v,19,b,A,T1,P0,F2,S22,,,
trutina,,,,libra eꝗ lanx,libra aequa lanx,10v,20,a,A,T1,P0,F3,S23,,,Trutina pensa statera mensura
trutino,,,,equo,,10v,20,b,A,T1,P0,F2,S22,,,Trutino. pondero ł ꝓpendo. 
machina,,,,instrum̃tũ qđcũq; p̃paratũ ad insidias,instrumentum quodcumque preparatum ad insidias,10v,21,a,A,T1,P0,F4,S23,,,Machina instructio bellica
machinor,,,,molior fraudẽ g̃ deponens,,10v,21,b,A,T1,P0,F3,S22 et S331,,,Machinor. molior ex quiro. fabrico. paro c̃fitio. Exstruo
pugna,,,,p̃liũ aliqđ,proelium aliquid,10v,21,c,AB,,P0,F3,S22,,,
nundine,,,,mercata pubica,,10v,22,a,A,T1,P0,F3,S23,,,Nundinę. loca mercati id ÷ argisteria.
nundinor,,,,mercator,,10v,22,b,A,T1,P0,F2,S22,,,Nundinor . meror . Emo. comparo.
aquor,,,,aquã deportor,aquam deportor,10v,23,,A,T1,P0,F3,S23,,,
moror,,,,tardo,,10v,24,a,A,T1,P0,F2,S22,,,Moror. ꝓcrastino differo .r&ardo. 
moras,,,,tardas,,10v,24,b,A,T1,P0,F2,S22,,,
quadra,,,,qͣsi diuido,quasi diuido,10v,24,c,AB,,P0,F2,S22,,,
quadror,,,,quadruplo,,10v,24,d,AB,,P0,F2,S22,,,
cura,,,,mundata,,10v,24,e,AB,,P0,F2,S22,,,
curo,,,,expio,,10v,24,f,AB,,P0,F2,S22,,,
causor,,,,testor,,10v,25,a,A,T1,P0,F2,S22,,,causor . calõnior impedio
roto,,,,uoluo,,10v,25,b,AB,,P0,F2,S22,,,
multo,,,,uindico punio,,11r,1,a,A,T1,P0,F2,S22,,,Multo. condẽpno uexo. lacero ł iterimo
rixo,,,,obiurgo,,11r,1,b,AB,,P0,F2,S22,,,
lixa,,,,ł aqua,,11r,1,,B,T2,P1 top,F2,S22,,,Lixa.aqua łipida
lixa,,,,mercenarius,,11r,1,c,A,T1,P0,F2,S22,,,
elixo,,,,aliꝗd aq(uor ?),aliquid aquor,11r,1,d,A,T1,P0,F3,S23,,*contendo plutôt rixo * elixo= aqua coquor, unde elixo id ÷ aqua excoquo÷
elixo,,,, c̃tendo,,11r,1,e,B,T2,P0,F2,S22,,,
bacha,,,,lauriẽ ,lauriem,11r,2,a,AB,,P0,F2,S22,,*bacha = navire ,Baccha oliuae. lauriq. poma
bachor,,,,ł idem stomachorł irascor,,11r,2,b,AB,,P0,F2,S22,,,Bachor. cũ furore discurro . insanio ł seuio
prob;,probus,,,idoneus strenuus sagax,,11r,6,,A,T1,P0,F2,S22,,,ꝓbus. benemoratꝰ. honestus. festiuus
o/pacus,,,,spissus ũbrosus ,,11r,7,a,A,T1,P0,F2,S22,,,
opaco,,,,denseo,,11r,7,b,A,T1,P0,F2,S22,,,
amico,,,,amititias cõpono,amicitias compono,11r,7,c,A,T1,P0,F3,S23,,,
nudus,,,,discooꝑtꝰ,discoopertus,11r,8,a,B,T2,P0,F2,S22,,,
fedus,,,,turpis ,,11r,8,b,A,T1,P0,F2,S22,,,
foedo,,,,amiciciã sig̃ne,amicitiam significare,11r,8,c,B,T2,P0,F3,S23,,,
uagus,,,,instans,,11r,8,d,B,T2,P0,F2,S22,,*instabilis,
pio,,,,purgo,,11r,9,,A,T1,P0,F2,S22,,,
serenus,,,,tranquillus,,11r,10,,A,T1,P0,F2,S22,,,Serenus. purus. tranquillus . placidus
uno,,,,ad,aduno,11r,10,a,A,T1,P0,F1,S611,,,
uno,,,,c̃grego ,congrego,11r,11,b,A,T1,P0,F2,S22,,,
unas,,,,ad,adunas,11r,11,c,A,T1,P0,F1,S611,,,
hibernus,,,,dr̃ ultima pars hiemis,dicitur ultima pars hiemis,11r,11,d,A,T1,P0,F4,S23,,,
crispus,,,,c̃cussus,concussus,11r,12,,B,T2,P0,F2,S22,,,
obliquus,,,,c̃tortus,contortus,11r,13,,A,T1,P0,F2,S22,,,Obliquo . trasuerto . ł curuo. 
ignarus,,,,inscius,,11r,14,a,A,T1,P0,F2,S22,,,
lassus,,,,fatigatus,,11r,14,b,A,T1,P0,F2,S22,,,
dilato,,,,ãplifico,,11r,15,a,A,T1,P0,F2,S22,,,
letor,,,,exulto,,11r,15,b,A,T1,P0,F2,S22,,,
aptus,,,,cõtus,contus,11r,15,c,A,T1,P0,F2,S22,,,
apto,,,,c̃iungo assotio,coniungo associo,11r,15,d,A,T1,P0,F2,S22,,,Apto. c̃iungo ł sotio
sollicitus,,,,curiosus,,11r,16,a,A,T1,P0,F2,S22,,,
sollicito,,,,curã ago,curam ago,11r,16,b,A,T1,P0,F2,S22,,,Sollicito. inquięto. molesto. 
cruentus,,,,atrox crudelus,,11r,16,c,A,T1,P0,F2,S22,,,
cruento,,,,asꝑgo ł lacero,aspergo uel lacero,11r,16,d,,,P0,F2,S22,,,
laxus,,,,ñ bene c̃iuntus,non bene coniuntus,11r,17,a,A,T1,P0,F3,S23,,,
laxo,,,,relinquo,,11r,17,b,B,T2,P0,F2,S22,,,
uiduus,,,,quasi diuisus,,11r,17,c,A,T1,P0,F3,S23,,,uiduus. alienus. sterilis. Diuisus separatus
uiduus,,,,a muliere,,11r,17,d,B,T2,P0,F3,S611,,,
a fixis locus,,,,dr̃ stabilis,dicitur stabilis,11r,19,a,B,T2,P0,F4,S22,,,
stimulo,,,,pungo,,11r,19,b,A,T1,P0,F2,S22,,,Stimulo urgeo  fimo. Sordeo
terminus,,,,finis meta,,11r,20,a,A,T1,P0,F2,S22,,,M&a finis 
termino,,,,finẽ fatio,finem facio,11r,20,b,A,T1,P0,F4,S54,,,M&ior constituo castra designo
grecor,,,,more grecorũ ago,,11r,21,a,A,T1,P0,F4,S23,,,
uulgus,,,,multitudo ho/minum,,11r,21,b,,,P0,F3,S23,,,
uulgo,,,,manifesto,,11r,21,c,A,T1,P0,F2,S22,,,
perenno,,,,toto anno inopere persisto,,11r,22,a,A,T1,P0,F4,S23,,,ꝑenno. ꝑannos ago
sono,,,,resono,,11r,22,b,B,T2,P0,F2,S22,,,
numero,,,,cõputo,computo,11r,22,c,B,T2,P0,F2,S22,,,
stomachor,,,,irascor,irascor,11r,24,a,A,T1,P0,F2,S22,,,Stomachor . lacero . lrascor.
stomachor,,,,ł  insanio,uel insanio,11r,24,b,,,P0,F2,S22,,,
utlibũ,,,,sacrificͥũ,sacrificium,11r,25,a,3,,P0,F2,S22,,,
uelo,,,,cooperio,,11r,25,b,A,T1,P0,F2,S22,,,
colum,,,,ubi lac mundatur,,11r,25,c,A,T1,P0,F4,S23,,,
peculiũ,perculium,,,pro onum substantia ponitur,,11v,1,a,,,P0,F4,S23,,,peculiũ pecunia
peculio,,,,peculiã aufero,peculiam aufero,11v,1,b,B,T2,P0,F4,S23,,,Depeculior depopulor conpilo. Exhaurio  e uesto
armo,,,,accingo,,11v,2,,B,T2,P0,F2,S22,,,
stagnũ,stagnum,,,aqua q; ñ decurritur,aqua que non decurritur,11v,3,,A,T1,P0,F4,S23,,,
liber,,,,ingenuus,,11v,6,a,A,T1,P0,F2,S22,,,
libero,,,,eripio,,11v,6,b,A,T1,P0,F2,S22,,,
sacer,,,,sc̃r,sacer,11v,6,c,A,T1,P0,F2,S22,,,
sacro,,,,scĩfico,sacrifico,11v,7,a,A,T1,P0,F2,S22,,,
peragro,,,,incedo,,11v,7,b,A,T1,P0,F2,S22,,, ꝑagror circũeo ꝑãbo ꝑtranseo.giro. Uagor
integro,,,,perfitio,,11v,7,c,A,T1,P0,F2,S22,,,integror. Reparo.
miser,,,,infelix,,11v,8,a,A,T1,P0,F2,S22,,,
miseror,,,,acõ,acerbo,11v,8,b,A,T1,P0,F2,S22,,,
saturo,,,,satio,,11v,9,,A,T1,P0,F2,S22,,,
minister,,,,Cp  ł minor sit in stacione,consiliorum princeps uel minor sit in statione,11v,10,,3,,P0,F4,S23,,,
obseruatis,,,,consideratis,,11v,11,,A,T1,P0,F2,S22,,,
contio,,,,coadunatio,,11v,13,a,A,T1,P0,F2,S22,,,
contionor,,,,multitudini alloquor,,11v,13,b,A,T1,P0,F3,S23,,,Contionor . alloquor
ordo,,,,dispositio,,11v,14,a,A,T1,P0,F2,S22,,,
ordino,,,,dispono,,11v,14,b,A,T1,P0,F2,S22,,,
exulo,,,,extra solũ eitio,extra solum eicio,11v,16,,A,T1,P0,F3,S54,,,
uber,,,,habundans,,11v,18,a,A,T1,P0,F2,S22,,,
ubero,,,, abundo,,11v,18,b,A,T1,P0,F2,S22,,,Exuberor abundo
agger,,,,tumultus,,11v,18,c,A,T1,P0,F2,S22,,,
agero,,,, c̃grego,congrego,11v,18,d,A,T1,P0,F2,S22,,,Aggeror. comulo. congrego
robur,,,,fortitudo,,11v,20,a,A,T1,P0,F2,S22,,,
robo,,,,c̃firmo,confirmo,11v,20,b,A,T1,P0,F2,S22,,,
murmur,,,,tumultus,,11v,21,a,D,T4,P0,F2,S22,,,
augur,,,,auguriator,,11v,21,b,D,T4,P0,F2,S22,,,
nugas,,,,uanꝰ ,,11v,22,a,B,T2,P0,F2,S22,,,
nugas,,,,recedens a lege,,11v,22,b,A,T1,P0,F3,S23,,,
nugas,,,, ł inutilis,,11v,22,c,D,T4,P0,F2,S22,,,
nugor,,,,efecero desitio ,,11v,23,a,B,T2,P0,F2,S22,,,Nugas turpes. uanos. inutiles. uanos maculosos. Nugor t̃pit̃ ago
nugor,,,,de(cur)so,,11v,23,b,D,T4,P0,F2,S22,,,
uas,,,,fideiussor,,11v,23,c,A,T1,P0,F2,S22,,,
uador,,,,uadiũ do,uadium do ,11v,23,d,A,T1,P0,F4,S54,,,Uador. ꝓmitoo. causã ago. fdẽ fatio
aries,,,,aliquantã machinã,aliquantam machinam,11v,24,a,B,T2,P0,F3,S23,,,Aries. machina.
arieto,,,,more arietis ,,11v,24,b,A,T1,P0,F4,S23,,, Arieto. impingo
arieto,,,,ago,,11v,24,c,B,T2,P0,F2,S4228,,,
comes,,,,sotius,,11v,24,d,A,T1,P0,F2,S22,,,
comitor,,,,simul ,,11v,25,a,B,T2,P0,F2,S4226,,,
comitor,,,,tecũ ꝑergo,tecum perergo,11v,25,b,A,T1,P0,F3,S331,,,
sedes,,,,quies,,11v,25,c,B,T2,P0,F2,S22,,,
sedo,,,,pacifico,,11v,25,d,A,T1,P0,F2,S22,,,Sedo. Mollio placo. Mitigo // Sedo. pacifico. mitigo. 
locuples,,,,diues copios,diues copias,11v,25,e,A,T1,P0,F2,S22,,,
locu/plo,,,,habundo,,11v,25,f,A,T1,P0,F2,S22,,,
heredo,,,,hereditatẽ aufero,hereditatem aufero,12r,1,,A,T1,P0,F3,S54,,,
turpo,,,,fodo,,12r,2,a,A,T1,P0,F2,S22,,,
turpo,,,,deformo,,12r,2,b,B,T2,P0,F2,S22,,,
tenuis,,,,gracilis,,12r,2,c,A,T1,P0,F2,S22,,,
tenuo,,,,minuo,,12r,2,d,A,T1,P0,F2,S22,,,
tristis,,,,dolens ,,12r,2,e,B,T2,P0,F2,S22,,,
tristis,,,,mestus,,12r,2,f,D,T4,P0,F2,S22,,,
testor,,,,confirmo,,12r,3,a,A,,P0,F2,S22,,,
orao,,,,precor,,12r,3,b,D,T4,P0,F2,S22,,,
roro,,,,inrigo ,,12r,4,a,3,,P0,F2,S22,,,
roro,,,,ł irore ꝑfundo, uel i rore perfundo,12r,4,b,D,T4,P0,F3,S23,,,
doto,,,,humefacto,,12r,4,c,B,T2,P0,F2,S22,,,
decus,,,,uentus ,,12r,4,d,B,T2,P0,F3,S22,,,
decus,,,,honor,,12r,4,e,A,T1,P0,F2,S22,,,
decoro,,,,orno ,,12r,5,a,B,T2,P0,F2,S22,,,
decoro,,,,uenusto,,12r,5,b,3,,P0,F2,S22,,,
ulcus,,,,dicitur qđ ex carne ꝓcedit ut scabies sanies, dicitur quod ex carne procedit ut scabies sanes,12r,5,c,A,T1,P0,F4,S23,,,
pondus,,,,honus m̃surae,honus mensurae,12r,5,d,A,T1,P0,F3,S23,,,
pondero,,,,libro equo,,12r,5,e,A,T1,P0,F3,S23,,,
onus,,,,grauatꝰ,grauatus,12r,6,a,B,T2,P0,F2,S22,,,
muneror,,,,qͣsi munus tribuo,quasi munus tribuo,12r,6,b,B,T2,P0,F3,S23,,,
adero ,,,,c̃pono aliꝗđ . aere,compono aliquid aere,12r,7,a,A,T1,P0,F4,S23,,,
fraus,,,,dr̃ furtũ deceptio,dicitur furtum,12r,7,b,B,T2,P0,F2,S22,,,
nex,,,,mors int̃emptio,mors interemptio,12r,8,,A,T1,P0,F2,S22,,,
uindex,,,,ultor,,12r,9,a,A,T1,P0,F2,S22,,,
uindico,,,,punio ,,12r,9,b,A,T1,P0,F2,S22,,,
uindico,,,,ulciscor,,12r,9,c,B,T2,P0,F2,S22,,,
remex,,,,nauigator ,nauigator ,12r,9,d,A,T1,P0,F2,S22,,,
remigio,,,,qui cũ ramis agit ĩ nauigo,qui cum ramis agit in nauigo,12r,9,e,A,T1,P0,F4,S23,,,
lego ,,,,dispono astruo c̃firmo,dispono astruo confirmo,12r,10,a,A,T1,P0,F2,S22,,,
eradico,,,,euełło,euangelio,12r,10,b,A,T1,P0,F2,S52(Commentaire exégétique) ?,,,
cornicor,,,,inanit̃ loquor ł garrio / more cornicis,,12r,11,a,A,T1,P0,F3,S22,,,
uox,,,,uocis,,12r,11,b,,,P0,F2,S22,,,
pernoto,,,,peruigilo,,12r,12,a,A,T1,P0,F2,S22,,,ꝑnox ꝑuigl.
mercs,,,,lucrũ,lucrum,12r,12,b,A,T1,P0,F2,S22,,,
merccis,,,,lucrũ,lucrum,12r,12,c,B,T2,P0,F2,S22,,,
hiemo,,,,aer,,12r,13,a,A,T1,P0,F2,S22,,,
p̃ceps,,,,impello ,,12r,13,b,A,T1,P0,F2,S22,,,
macies,,,,÷ p̃cipitium patens,Id est percipitium patens,12r,13,c,A,T1,P0,F3,S54,,,p̃cipito abalto dacuo.
aestuo,,,,ebullio ł tardeo,ebullio uel tardeo,12r,14,,B,T2,P0,F2,S22,,, ab estus. eftuo
fluctuo,,,,titubo,,12r,15,a,A,T1,P0,F2,S22,,,fluctuo. uacillo. indiuersa rapior.
tumulto,,,,quasi timor multꝰ,quasi timor multus,12r,15,b,A,T1,P0,F3,S54,,,
tumultuo,,,,c̃tendo,contendo,12r,15,c,B,T2,P0,F22,S22,,,
gelo,,,,constringo,,12r,16,a,A,T1,P0,F22,S22,,,
rabies,,,,insa(nia),,12r,16,b,,,P0,F22,S22,,,
macies,,,,tenuitas corporis,,12r,17,,A,T1,P0,F3,S23,,,
nutus,,,,potestas,,12r,22,a,A,T1,P0,F22,S22,,,
nisus,,,,conamen,,12r,22,b,3,,P0,F22,S22,,,Nisus conam̃
principium,,,,cognoscat᷑,cognoscatur,12v,5,a,3,,P0,F2,S611,,*rajout,
scriba,,,,doctor ñ officiale,doctor non officiale,12v,5,b,A,T1,P0,F3,S23,,,
cedes,,,,hec,haec,12v,9,a,AB,,P0,F2,S611,,,
lues,,,,hec,haec,12v,9,b,AB,,P0,F2,S611,,,
strues,,,,hec,haec,21f,10,,AB,,P0,F2,S611,,,
parcus,,,,abstinens,,12v,11,,A,T1,P0,F2,S22,,,
pando,,,,aperio manifesto,,12v,12,a,A,T1,P0,F2,S22,,,
pandus,,,,manifestus,,12v,12,b,A,T1,P0,F2,S22,,,
do,,,,dis,,12v,12,c,AB,,P0,F2,S611,,,
uiuo,,,,uiuis,,12v,13,,AB,,P0,F2,S611,,,
t̃minatia ,,,,finienciar[++++],,12v,16,,E,T5,P0,F2,S22,,,
formido,,,,timor,,12v,20,,A,T1,P0,F2,S22,,,
respondent,,,,resonant,,12v,23,,3,,P0,F2,S22,,,
tulisse,,,,facta eẽ,facta esse,12v,25,,A,T1,P0,F2,S22,,,
Nam,,,, ÷ certe,Id est certe,13r,1,,E,T5,P0,F2,S22,,,
maxime,,,,puls quam,plus quam,13r,10,a,E,T5,P0,F2,S22,,,
indesinenter,,,,indistant̃,indistanter,13r,10,b,A,T1,P0,F2,S22,,*ep:indifferenter,
superuacuo,,,,exsuperfluo,,13r,20,,A,T1,P0,F2,S22,,,
ñ diuersas,,,,ĩ̃ uarias,id est uarias,13r,25,,A,T1,P0,F2,S22,,,
eodem,,,,modo,,13v,3,,AB,,P0,F2,S22,,*rajout,
congruae,,,,commode,,13v,12,,A,T1,P0,F2,S22,,,
manceps,,,,manu capiens,,14r,1,,A,T1,P0,F3,S54,,,
inesco,,,,cibũ tribuo,cibum tributio,14r,7,,A,T1,P0,F3,S23,,,
radio,,,,luceo splendeo,,14r,10,a,A,T1,P0,F2,S22,,,
humo,,,,sepelio/cooperio,,14r,10,b,A,T1,P0,F2,S22,,,Humo huli trado ł sepelio.
cacumino,,,,exacuo,,14r,11,,A,T1,P0,F2,S22,,,
rumen ,,,,sũma pras gule,summa pras gule,14r,13,,A,T1,P0,F3,S23,,*pras=pars Latinitatis Italica,
scortũ,scortum,,,meretrix,,14r,16,a,A,T1,P0,F2,S22,,,
scortor,,,,mechor,,14r,16,b,A,T1,P0,F2,S22,,*Latinitatis Italica,
in gurgito,,,,in mergo,,14r,17,,A,T1,P0,F3,S22,,,lngurgito. p̃cipitẽdo.
ingurgitasses,,,,p̃cipitasses,praecipitasses,14r,18,,A,T1,P0,F2,S22,,,
procrastino,,,,ꝓduco in cras,produco in cras,14r,19,,A,T1,P0,F4,S54,,,ꝑendie. ꝓꝰcras. ud pꝰtertiumdiem ł antediem.
conperendino,,,,ꝑmaneο ł tardo.,permanet uel tardo,14r,20,,A,T1,P0,F2,S22,,,cõꝑendino. int̃tiũdiẽ ꝓtraho ł differo.
fore,,,,esse,,14v,1,,AB,,P0,F2,S22,,,
incrementa,,,,aumenta,,14v,21,,AB,,P0,F2,S22,,,
uello,,,,rũpo,rumpo,14v,22,,AB,,P0,F2,S22,,,Vello moueo
nutrico,,,,alo,,14v,23,,AB,,P0,F2,S22,,,Nt̃co. iurgo cõmunico.
frondico,,,,frondes auello,,15r,1,a,A,T1,P0,F3,S23,,,
debilis,,,,infirmus,,15r,1,b,A,T1,P0,F2,S22,,,
debilico,,,,infirmo,,15r,1,c,A,T1,P0,F2,S22,,,
periculũ,,,,discrimen,,15r,2,,AB,,P0,F2,S22,,,
gratus,,,,acceptus,,15r,3,a,A,T1,P0,F2,S22,,,
gratulor,,,,gaudeo,,15r,3,b,A,T1,P0,F2,S22,,,
opẽ tuli,,,,adiuuaui,,15r,5,a,AB,,P0,F2,S22,,,
opitulor,,,,auxilior,,15r,5,b,A,T1,P0,F2,S22,,,
presto,,,,accõmodo,,15r,5,c,A,T1,P0,F2,S22,,,
prestolor,,,,expecto,,15r,6,a,A,T1,P0,F2,S22,,,
p̃eo,,,,antecedo,,15r,6,b,A,T1,P0,F2,S22,,,
p̃ito,praeterito,,,antecello,,15r,6,c,A,T1,P0,F2,S22,,,
litigo,,,,contendo,,15r,8,,AB,,P0,F2,S22,,,
quia,,,,qđ,,15r,10,,AB,,P0,F2,S22,,,
netro,,,,funditꝰ intro,funditus intro,15r,14,a,A,T1,P0,F2,S22,,,
temere,,,,p̃sũtiose,presumptiose,15r,14,b,A,T1,P0,F2,S22,,*Latinitatis Italica,
temero,,,,contẽno,contemno,15r,14,c,A,T1,P0,F2,S22,,,
temero,,,,longius,,15r,15,,B,T2,P0,F2,S22,,,
recolligere,,,,codunare,,15r,23,,3,,P0,F2,S22,,,
canus,,,,caniger,,15v,4,a,A,T1,P0,F2,S22,,,
caneo,,,,ͬsenesco,,15v,4,b,A,T1,P0,F2,S22,,,
calles,,,,semita,,15v,4,c,A,T1,P0,F2,S22,,,
calleo,,,,astute ago,,15v,4,d,A,T1,P0,F3,S23,,,
calleo,,mollior insidior,,,,15v,4,,A,T1,P1 right,F2,S22,,,
flos ,,,,polleo,,15v,5,a,3,,P0,F2,S22,,,
frons ,,,,cresco,,15v,5,b,3,,P0,F2,S22,,,
census,,,,uectigal,,15v,6,,A,T1,P0,F2,S22,,,
imbuo,,,,instruo doceo,,15v,7,,A,T1,P0,F2,S22,,,
acuo,,,,acumino,,15v,8,a,3,,P0,F2,S22,,,
induo,,,,tibi,,15v,8,b,A,T1,P0,F2,S41(Signe de construction syntaxique),,*Priscianus Instituones grammaticae,
arguo,,,,increpo,,15v,8,c,A,T1,P0,F2,S22,,,
luo,,,,penas soluo,,15v,8,d,A,T1,P0,F3,S23,,,lues pestilentia ł clades / lues. pestis indagor // luo penã soluo
suo,,,,ips̃ ꝗđ ẽ c̃suo,ipsum quod est consuo ?,15v,8,e,A,T1,P0,F4,S22,,,
fatuo,,,,euanesco disipio,,15v,9,a,A,T1,P0,F2,S22,,,
fluctuo,,,,titubo,,15v,9,b,A,T1,P0,F2,S22,,,
tribus,,,,dr̃ a distributione,,15v,12,,A,T1,P0,F4,S54,,,
strues,,,,congeries lignorũ,,15v,13,,A,T1,P0,F3,S23,,,Strues. c̃geries cuiꝰ lib& regi
tribuor,,,,impertior ł diuido ⁊  dispono ,,15v,14,a,A,T1,P0,F2,S22,,,
metuo,,,,timeo,,15v,14,b,3,,P0,F2,S22,,,
bulla,,,,bulla dr̃ q: sit a uento/ł ornam̃tũ cingulorum,bulla dicitur quod sit a uento uel ornamentum cinguloruù,16r,1,,A,T1,P1 right,F4,S23,,, Bulla inflatio auqarũ ł ornam̃ in similitudine inflatioñ spumę aquarũ
ebuilio,,,,ferueo,,16r,2,,A,T1,P0,F2,S22,,,
punio,,,,ulciscor,,16r,3,a,A,T1,P0,F2,S22,,,
superbio,,,,extollo,,16r,3,b,A,T1,P0,F2,S22,,,
largior,,,,tribuo,,16r,4,,A,T1,P0,F2,S22,,,Largior  g{r}atiã p̃sto
murio,,,,muros edifico,,16r,5,a,A,T1,P0,F3,S54,,,
munio,,,,muro circũdo,,16r,5,b,A,T1,P0,F3,S22,,,
seuus,,,,aceruus,,16r,6,a,A,T1,P0,F2,S22,,,
seuio,,,,furio,,16r,6,b,A,T1,P0,F2,S22,,,
inretior,,,,inlaqeor in rete,inlaquor in rete,16r,10,a,A,T1,P0,F4,S54,,,
inpedio,,,,noceo,,16r,10,b,A,T1,P0,F2,S22,,,
insignis,,,,nobilis,,16r,12,a,A,T1,P0,F2,S22,,,
insignio,,,,decoro orno,,16r,12,b,A,T1,P0,F2,S22,,,
gestus,,,,actꝰ ł motus,actus uel motus,16r,15,a,A,T1,P0,F2,S22,,,
gestio,,,,adꝗro exulto,adquiro exulto,16r,15,b,A,T1,P0,F2,S22,,,
meta,,,,limes,,16v,1,a,A,T1,P0,F2,S22,,,
metor,,,,t̃mino finio,termino finio,16v,1,b,A,T1,P0,F2,S22,,,Termino finio
metior,,,,mensuro,,16v,2,,A,T1,P0,F2,S22,,,
insanio,,,,furio ł infirmo,furio uel infirmo,16v,4,,A,T1,P0,F2,S22,,,
apto,,,,adiungo,,16v,5,,A,T1,P0,F2,S22,,,
ineptio,,,,desipio,,16v,6,,A,T1,P0,F2,S22,,,
fatia,,,,enci,fatencia,16v,13,,3,,P0,F2,S611,,,
eger,,,,infirmus,,17r,7,,A,T1,P0,F2,S22,,,
egreo,,,,insanio,,17r,8,,A,T1,P0,F2,S22,,,
modis,,,,formis,,17r,13,,3,,P0,F2,S22,,,
duro,,,,durũ fatio,durum facio,17r,16,a,A,T1,P0,F3,S54,,,
dureo,,,,absolutũ,absolutum,17r,16,b,A,T1,P0,F2,S22,,,
denso,,,,opaco,,17r,16,c,A,T1,P0,F2,S22,,,
tueor,,,,p cogo,pro cogo ?,17r,25,,A,T1,P0,F2,S22,,,
polliceor,,,,ꝓmitto,promitto,18r,11,,A,T1,P0,F2,S22,,,ꝓmitto . polliceor. 
uereor,,,,timeor,,18r,12,,A,T1,P0,F2,S22,,,
fa/teor,,,,loquor,,18r,13,,A,T1,P0,F2,S22,,,
coguntur,,,,compelluntur,,18r,15,,A,T1,P0,F2,S22,,,
amitior,,,,tego,,18r,16,a,A,T1,P0,F2,S22,,,
ordior,,,,incoo,,18r,16,b,A,T1,P0,F2,S22,,,
uador,,,,error,,18v,8,a,3,,P0,F2,S22,,,
suffragor,,,,auxilior,,18v,8,b,3,,P0,F2,S22,,,
rimor,,,,ꝑscrutor,perscrutor,18v,8,c,3,,P0,F2,S22,,,
miror,,,,stupeo,,18v,9,,3,,P0,F2,S22,,,
labor,,,,cador,,18v,11,,3,,P0,F2,S22,,,
nitor,,,,conor ,,18v,12,a,3,,P0,F2,S22,,,
nitor,,,,{prop?certor},,18v,12,b,3,,P0,F2,S22,,,
sequor,,,,exsequor,,18v,20,,3,,P0,F2,S22,,*rajout,
paciscor,,,,pactũ facio,pactum facio,19r,4,,3,,P0,F2,S22,,,
adipiscor,,,,inueniscor,,19r,5,,3,,P0,F2,S22,,,Adipiscor conor / Nasiciscor Adipiscor Assequor
titubo,,,,uacillo,,19v,19,,A,T1,P0,F2,S22,,,
cubo,,,,ĩrequiesco,inrequiesco,20r,22,,A,T1,P0,F2,S22,,,
neco,,,,interficio,,20v,1,,3,,P0,F2,S22,,,
dico,,,,dono,,20v,18,,3,,P0,F2,S22,,*rajout,Dico dicas. consecro uł dono /  dico dicis Narro
Vfens,,,,nom̃ ꝓpͥũ,nomen proprium,21r,16,,3,,P0,F3,S553,,,
glisco,,,,cresco,,21v,14,,3,,P0,F2,S22,,,
pasco,,,,nutrio,,21v,16,,3,,P0,F2,S22,,,
bacchor ,,,,furo ł insanior,furo uel insanior,22r,6,,3,,P0,F2,S22,,,
nasciscor,,,,inuenio,,22r,16,,3,,P0,F2,S22,,,
foedus,,,,turpis,,22r,19,,3,,P0,F2,S22,,,
depido,,,,la,delapido,22r,21,,3,,P0,F1,S611,,,
ledo,,,,a,a ledo,22r,5,,3,,P0,F1,S611,,,
longitudinem dyptogi,,,,s̃,sunt,22r,5,,3,,P0,F1,S611,,,
trudo,,,,impello ,,22v,11,,3,,P0,F2,S22,,,
obtcant,,,,runc,obtruncant,22v,18,,3,,P0,F1,S611,,,
,BEAta ẽ eeeee,,,,,23v,4-9,,,,P1 left,,essais de plume,,,
,inq.pop,,,,,24r,5,,,,P1 right,,essais de plume,,,
,graphe lettres,,,,,24r,6-9,,,,P1 right,,essais de plume,,,
,ille pomatu pconpanpango oratius epistularum libro .i.concardus me fectc.,,,,,25r,1-3,,,,P1 top,,S72(souscription),,,
purgo enim as,,,,a purg̃,,25r,7,,,,,F3,S611,,,
,[a?]spiranti,,,,,25r,9,,,,P1 right,,essais de plume,,,
,S,,,,,25r,12,,,,P1 right,,,,,
,triump,,,ho,triumpho,25r,13,,,,,F1,S611,,,
an,,,,in,,25r,20,,,,,F1,S611,,,
,ambulo as ululo um uculo us. similo as. cum,,,,,25r,29,,,,P1 bottom,F4,essais de plume,,,
,e in i mu,,,,,26r,13,,,,P1 right,F3,S611,,,
obprimat consternat.,expontué,,,,,27r,11,,,,,,,,,
,,,,,,27r,13,,,,,,S611,,,
,,,,,,27r,17,,,,,,S611,,,
,,,,in i,,27v,20,,,,,F3,S611,,,
,,,,et etiam,,27v,22,,,,P1 right et left,F3,,,,
,bosceo ?,,,,,30v,25,,,,P1 left,,essais de plume,,,
**neumes**,,,,inuiolata,,31v,1-3,,,,upper P1 ,F2,essais de plume,,"Sequentia https://www.gregorianum.org/wiki/Inviolata#Spartiti_musicali*57 Prl. Inviolata nos iuva ; Inviolata integra // f. 164v (Add. X-XIe s.) Trois mélismes pour les Prl. Inviolata* (R. Gaude Maria. Hofmann-Brandt n° 355, 348 ; Cantus DB 6759 ; Latin 12044 f. 57r ; Aubert p. 56-59). *liste = https://manno.saprat.fr/fr/recherche-manuscrit?field_m_mss_shelf_mark_value=&field_m_mss_original_place_tid=&field_m_mss_s_festival_singing_tid=&field_m_mss_s_singing_incipit_value_op=contains&field_m_mss_s_singing_incipit_value=inviolata
355, 348)*https://manno.saprat.fr/fr/manuscrit/antiphonarium-4",
,tarecogant᷑,,,,,32v,1,,,,P1 left,F2,essais de plume,,,
,PIOY. feci PiεII,,,,,32v,21,,,,P1 left,F3,essais de plume,,,
,ritop,,,,,32v,24,,,,P1 left,F2,essais de plume,,,
,Declinaciones ꝓnomini,,,,,33r,10,,,,P1 right,F3,essais de plume,,,
