,lemma_id,folio_VLO41,lemma_VLO41,gloss_VLO41,gloss_type_VLO41,gloss_form_VLO41,marginal_note_id_VLO41,marginal_note_type_VLO41,marginal_note_form_VLO41,folio_Lat7499,lemma_Lat7499,gloss_id,gloss_Lat7499,gloss_type_Lat7499,gloss_form_Lat7499,marginal_note_id_Lat7499,marginal_note_type_Lat7499,marginal_note_form_Lat7499
0,p447_l01_o00,02r,INCIPIT LIBER EVTI/CI GRAMMAT(I)CI /DE VERBO,,,,++++/de uer[bo] ++++/[bo]nus contextor ,S523,F4,73r,EVTICII ,p447_l01_o00_a,Eutex euticis. Inde euticius eutici,S54,F3,,,
1,p447_l05_o02,02r,semper,s. cũ frequentia,S23,F3,,,,73r,SEMPER ,p447_l05_o02_a,ꝓ sepe,S22,F2,p447_l05_o02_b,S23,F5
2,p447_l05_o04,02r,nouas quaestiones,novẽ int̃rogaciones,S22,F3,,,,73r,QVESTIONES ,p447_l05_o04_a,÷ ꝓpositiones,S22,F2,p447_l05_o04_b,S631,F5
3,p447_l05_o05,02r,doctorib;,p̃ce<ptoribus>,S22,F2,,,,73r,DOCTORIB ,p447_l05_o05_a,magistris p̃ceptorib,S22,F3,,,
4,p447_l05_o06,02r,auditorum,iđ discipulorũ,S22,F2,,,,73r,AVDITORṼ ,p447_l05_o06_a,discipuloꝵ,S22,F2,,,
5,p447_l05_o07,02r,acutiora,perspicatiora,S22,F2,,,,73r,acutiora ,p447_l05_o07_a,"efficatiora ÷ ualde acuta, peritiora acutiora / excellentiora :",S22,F3,,,
6,p447_l05_o08,02r,cõmouere ,reperire et excitare ,S22,F3,,,,73r,commouere ,p447_l05_o08_a,suscitare incitare,S22,F3,,,
7,p447_l06_o02,02r,soleant,in queareniã honari?,S22,F3,,,,73r,soleant ,p447_l06_o02_a,consuescant : / ł qđo in usu hñt / solescant,S22,F4,,,
8,p447_l06_o05,02r,curiositas,qͣsi sollicitudo,S22,F2,,,,73r,curiositas ,p447_l06_o05_a,.s. sagax sollicitudo,S22,F3,p447_l06_o05_b,S23,F5
9,p447_l06_o07,02r,familiaris,ĩ specialit̃ ⁊ ꝓprie aderens,S23,F4,ĩ afinis & cognata,S22,F4,73r,familiaris ,p447_l06_o07_a,ingenieta et adhęrens,S22,F3,,,
10,p447_l06_o09,02r,cotidie,s̃ hominis ?dãƀrũ operis,S23,F4,,,,73r,cotidie ,p447_l06_o09_a,quot dieb ł sẽꝑ,S22,F3,,,
11,p447_l07_o01,02r,desiderat,cupit,S22,F2,,,,73r,desideret ,p447_l07_o01_a,.s. audire,S22,F2,,,
12,p447_l07_o03,02r,recens,nouit(er),S22,F2,,,,73r,recens ,p447_l07_o03_a,Nouũ,S22,F2,,,
13,p447_l08_o02,02r,iure,recte /adũ locũ qualitatis,S22,F3,,,,73r,iure ,p447_l08_o02_a,dignũ ducit᷑ / ÷ ratione cũ lege merito:,S32,F4,,,
14,p447_l08_o04,02r,imponi,suꝑponi immitti,S22,F3,,,,73r,imponi ,p447_l08_o04_a,ab int̃rogari / tibi dimietę?,S23,F4,,,
15,p447_l09_o03,02r,diligentissime ,dilectissima,S22,F2,,,,73r,dilectissime ,p447_l09_o03_a,studiosissime ꝗ es diligentissimꝰ,S22,F3,,,
16,p447_l09_o05,02r,Cratere,nom̃ ꝓpͥũ,S553,F3,,,,73r,CRATERE ,p447_l09_o05_a,ꝓpͥũ nom̃,S553,F3,,,
17,p447_l10_o01,02r,facundia,iđ doctrina /eloquentia,S22,F3,facundu᷑ uocit᷑ eo qđ facile fari/potest. for faris inde facundia.,S54,F4,73r,facundia ,p447_l10_o01_a,÷ eloquentia lepore,S22,F3,p447_l10_o01_b,S54,F5
18,p447_l10_o03,02r,equiperante,coęquantẽ,S22,F2,,,,73r,ęquiperantem ,p447_l10_o03_a,coęquantẽ,S22,F2,,,
19,p447_l11_o01,02r,excellentes,presũt ĩgentes,S22,F3,,,,73r,excellentes ,p447_l11_o01_a,s. illos maiores / superantes eminentes,S22,F3,,,
20,p447_l11_o04,02r,doctrina,eloquentia,S22,F2,,,,73r,doctrina ,p447_l11_o04_a,s. in oꝑũ,S22,F2,,,
21,p447_l11_o05,02r,superauisse,suꝑ orauisse,S25,F3,,,,73r,superauisse ,p447_l11_o05_a,.s. te uicisse,S42,F3,,,
22,p447_l11_o06,02r,romana,lat̃,S22,F2,,,,73r,romana ,p447_l11_o06_a,÷ latina,S22,F2,,,
23,p447_l12_o02,02r,discernendas,separandas,S22,F2,,,,73r,discernendas ,p447_l12_o02_a,distinguendas separandas,S22,F3,,,
24,p447_l12_o09,02r,quorum,s duorũ librorũ,S3232,F3,,,,73r,Quorum ,p447_l12_o09_a,.s. librorũ,S3232,F2,,,
25,p447_l13_o03,02r,instruitur,ordinatur /(et di)sponitur,S22,F3,,,,73r,instruit᷑ ,p447_l13_o03_a,ordinat᷑ et disponit᷑,S22,F3,,,
26,p447_l14_o02,02r,exsequit᷑,ꝑseꝗt᷑,S22,F2,,,,73r,exequit᷑ ,p447_l14_o02_a,÷ cseqͥt᷑  ualde seqͥt᷑ contin&,S23,F3,p447_l14_o02_b,S4181,F5
27,p447_l17_o08,02r,una ,(pt̃r)? prima,S53,F3,,,,73r,VNA ,p447_l17_o08_a,ꝓ pͥma ponit᷑,S53,F4,p447_l17_o08_b,S53,F5
28,p447_l18_o01,02r,carens,ammitens,S22,F2,,,,73r,CARENS ,p447_l18_o01_a,÷ caret ac/centu in fine,S23,F4,,,
29,p447_l18_o05,02r,BARIΘONOC,grauis sonus,S211,F3,,,,73r,ΒΑΡΙΤΟΝΑ ,p447_l18_o05_a,grauisona,S211,F2,,,
30,p447_l18_o07,02r,eis,uidelicet [grecis],S3232,F3,,,,73r,eis ,p447_l18_o07_a,.s. grecis,S3232,F2,,,
31,p447_l18_o09,02r,que,s̃ species,S3232,F2,,,,73r,Quę ,p447_l18_o09_a,in pͥma spetie c̃tinent᷑ .VI. c̃iugationes carentes accentu in fine :,S53,F4,,,
32,p448_l01_o08,02r,significat,ostendit,S22,F2,,,,73r,significat ,p448_l01_o08_a,declarat / demonstrat,S22,F3,,,
33,p448_l02_o04,02r,prolata,pñtiata,S22,F2,,,,73r,ꝓlata  ,p448_l02_o04_a,narrata / ꝓnuntiata / enuntiata,S22,F3,,,
34,p448_l02_o06,02r,eos,s apud grecos,S3232,F3,,,,73r,eos ,p448_l02_o06_a,÷ grecos,S3232,F2,,,
35,p448_l02_o08,02r,ΠE/ΡΙCΠΟΜΕΝΕ,ꝑicpomene circũflexibilis,S211,F3,,,,73r,ΠΕΡΙCΠΩΜΕΝΗ ,p448_l02_o08_a,cirũflexibils; ΠΕΡΙCΠΩ ÷ circũfleto/ΠΕΡΙ dr̃ circũ unde perispomę / ne circũflexis accentꝰ,S211,F4,,,
36,p448_l04_o11,02v,dicunt,apellant,S22,F2,,,,73r,dicunt ,p448_l04_o11_a,.s. ipsi greci : in multis enĩ reguł : obseruationes gre / corũ seruamus : et in multis caremꝰ,S53,F4,,,
37,p448_l05_o01,02v,licet,si uis,S22,F3,,,,73r,Licet ,p448_l05_o01_a,÷ quãuis,S22,F2,,,
38,p448_l06_o05,02v,prorsus,certe /omnino,S22,F3,,,,73r,ꝓrsus ,p448_l06_o05_a,certe om̃ino,S22,F3,,,
39,p448_l07_o01,02v,inditia,signa,S22,F2,,,,73r,inditia ,p448_l07_o01_a,signa,S22,F2,p448_l07_o01_b,S53,F5
40,p448_l07_o05,02v,penitus,ex toto /& funditias,S22,F3,,,,73r,penitus ,p448_l07_o05_a,funditꝰ ꝑietũ,S23,F3,,,
41,p448_l08_o03,02v,imitari,seꝗ s̃ lat̃ ,S53,F2,,,,73r,imitari ,p448_l08_o03_a,seqͥ assimilari,S22,F3,,,
42,p448_l08_o05,02v,terminalẽ,& finalem,S22,F2,,,,73r,terminalem ,p448_l08_o05_a,finalem,S22,F2,,,
43,p448_l11_o02,02v,carent,lat̃,S53,F2,,,,73v,carent. ,p448_l11_o02_a,ñ hñt s hnt : / .s. ipsa uerba,S53,F4,,,
44,p448_l12_o01,02v,ordinẽ,seriem,S22,F2,,,,73v,(add) ,p448_l12_o01_a,ordinẽ,S611,F2,,,
45,p448_l14_o02,02v,penitus,funditꝰ,S22,F2,,,,73v,penitꝰ ,p448_l14_o02_a,Radicitꝰ,S22,F2,,,
46,p448_l14_o04,02v,incerta,&ãbigua,S22,F2,,,,73v,incerta ,p448_l14_o04_a,dubia,S22,F2,,,
47,p448_l14_o08,02v,cogimur,c̃pellim᷑,S22,F2,,,,73v,cogimur ,p448_l14_o08_a,cõpellim᷑ s. nisi ueniamꝰ,S22,F3,,,
48,p448_l16_o05,02v,conabor,ĩtẽptabor.,S22,F2,,,,73v,Conabor ,p448_l16_o05_a,tẽptabo,S22,F2,,,
49,p448_l18_o10,02v,notatis,exceptis & segregatis.,S22,F3,,,,73v,scilet  ,p448_l18_o10_a,scire licet,S25,F3,,,
50,p448_l19_o01,02v,anomalis ,inęqualib;,S22,F2,,,,73v,anomalis ,p448_l19_o01_a,inęqualib; / s. uerbis,S22,F2,p448_l19_o01_b,S22,F4
51,p448_l20_o04,02v,cędo,dic,,F2,,,,73v,cędo ,p448_l20_o04_a,ꝑcutio,S22,F2,p448_l20_o04_b,S13,F5
52,p448_l20_o06,02v,faxo,ꝓfacio,S22,F2,,,,73v,Faxo ,p448_l20_o06_a,facio ł illumino,S22,F3,,,
53,p448_l20_o07,02v,sodes,si audes,S23,F3,,,,73v,Sodes ,p448_l20_o07_a,si audes,S25,F3,,,
54,p448_l20_o08,02v,aue,salue,S22,F2,,,,73v,Aue ,p448_l20_o08_a,salue,S22,F2,,,
55,p448_l20_o09,02v,ferit,qͣsi ꝑcutit,S22,F2,,,,73v,Ferit ,p448_l20_o09_a,ꝑcutit,S22,F2,p448_l20_o09_b,S5,F5
56,p448_l20_o10,02v,insit,dicit,S22,F2,,,,73v,Infit ,p448_l20_o10_a,inꝗd,S22,F2,,,
57,p448_l23_o08,02v,generale,qͣsi generalit̃ et cõmunit̃,S22,F3,,,,73v,generale ,p448_l23_o08_a,÷ generales regulas,S53,F3,,,
58,p448_l24_o06,03r,temptabo,conabor,S22,F2,,,,73v,tẽptabo ,p448_l24_o06_a,conabor nitari  .s. de una ꝑfecta et trib; ĩꝑfectis :,S53,F4,p448_l24_o06_b,S53,F5
59,p448_l26_o12,03r,tantũ,c̃iugaciones,S53,F2,,,,73v,tantũmodo ,p448_l26_o12_a,solũ modo,S22,F2,,,
60,p448_l28_o02,03r,ebesco ,fadt᷑dr̃,S22,F2,,,,73v,Hebesco ,p448_l28_o02_a,hebes eẽ incipio,S23,F3,,,
61,p448_l28_o04,03r,pertimesco,ualde timere incipio ,S23,F4,,,,73v,Pertimesco ,p449_l28_o04_a,inc̃ ꝑtimere,S23,F3,,,
62,p448_l28_o05,03r,euanesco,deficio,S22,F2,,,,73v,Euanesco. ,p448_l28_o05_a,inc̃ euanere ł uacuare / ł uanus fieri incipio,S23,F3,,,
63,p449_l01_o01,03r,patesco,aperire incip{io},S23,F3,,,,73v,Patesco ,p449_l01_o01_a,inc̃ patere : inc̃ pateri,S23,F3,,,
64,p449_l01_o02,03r,notesco,notꝰ fieri iñpio,S23,F3,,,,73v,Notesco ,p449_l01_o02_a,inc̃ notescere,S23,F3,p449_l01_o02_b,S23,F4
65,p449_l01_o04,03r,labasco,ruere,S22,F2,,,,73v,Labasco ,p449_l01_o04_a,labare ÷ ruere,S23,F3,p449_l01_o04_b,S23,F4
66,p449_l02_o04,03r,glisco,cresco,S22,F2,,,,73v,Glisco ,p449_l02_o04_a,÷ crescere,S23,F3,p449_l02_o04_b,S5,F5
67,p449_l04_o01,03r,micturio,mingere /meditor,S22,F3,,,,73v,Micturio ,p449_l04_o01_a,÷ mingere,S23,F3,,,
68,p449_l04_o02,03r,esurio,manducare,S22,F2,,,,73v,Esurio ,p449_l04_o02_a,÷ esurire,S23,F3,,,
69,p449_l05_o08,03r,p̃cedente ,antecedente,S22,F2,,,,73v,p̃cedente ,p449_l05_o08_a,ante,S22,F2,,,
70,p449_l07_o01,03r,lectito,frequent̃ lego,S23,F3,,,,73v,lectito ,p449_l07_o01_a,ł lecto freq̃t̃ lego,S23,F3,,,
71,p449_l07_o02,03r,dictito ,frequent̃ dico,S23,F3,,,,74r,"Dictito,  ",,,,,p449_l07_o02_a,S23,F3
72,p449_l07_o03,03r,cantito,frequent̃ cano,S23,F3,,,,74r,Cantito ,p449_l07_o03_a,frequent̃ cano,S23,F3,,,
73,p449_l07_o04,03r,cursito,frequent̃curso,S23,F3,,,,74r,Cursito ,p449_l07_o04_a,freq̃t̃ curro,S23,F3,,,
74,p449_l07_o05,03r,uisito,frequent̃ uideo,S23,F3,,,,74r,Visito ,p449_l07_o05_a,freq̃t uideo,S23,F3,p449_l07_o05_b,S331,F5
75,p449_l07_o08,03r,merso ,frequent̃ mergo,S23,F3,,,,74r,Merso ,p449_l07_o08_a,a m̃go ũbo,S54,F3,,,
76,p449_l07_o10,03r,nexo,frequent̃ necto,S23,F3,,,,74r,Nexo ,p449_l07_o10_a,nodo ligo freq̃ necto iũgo,S22,F3,,,
77,p449_l09_o04,03r,eodẽ ,s libro,S3232,F2,,,,74r,eodem ,p449_l09_o04_a,s. libro,S3232,F2,,,
78,p449_l10_o03,03r,gelidos,allidos /frigidos,S22,F3,,,,74r,gelidos ,p449_l10_o03_a,frigidos,S22,F2,,,
79,p449_l15_o08,03r,anomala,inequalia,S22,F2,,,,74r,anomala ,p449_l15_o08_a,illegalia scilic&,S22,F2,,,
80,p449_l17_o02,03r,differentiis ,arbitror,,F2,,,,74r,differentiis ,p449_l17_o02_a,"s. etsi inue/niant᷑ In quattuor
                        coniugationib;",S53,F4,,,
81,p449_l17_o03,03r,arbitror,estimor,S22,F2,,,,74r,arbitror ,p449_l17_o03_a,iudico,S22,F2,,,
82,p449_l17_o05,03r,discerni,diuidi,S22,F2,,,,74r,discernũ ,p449_l17_o05_a,distinguo,S22,F2,,,
83,p449_l18_o01,03r,fatilior,leuior,S22,F2,,,,74r,facilior ,p449_l18_o01_a,planior leuior.,S22,F3,,,
84,p449_l19_o13,03v,penitus ,uidelicet omnino.,S22,F3,,,,74r,penitus ,p449_l19_o13_a,funditꝰ om̃ino,S22,F3,,,
85,p449_l20_o06,03v,reboo,ĩ resono.,S22,F2,,,,74r,reboo ,p449_l20_o06_a,resono,S22,F2,,,
86,p449_l22_o06,03v,reboantq;,&  resonant,S22,F2,,,,74r,Reboant ,p449_l22_o06_a,resonant,S22,F2,,,
87,p449_l22_o06,03v,reor ,estimo,S22,F2,,,,74r,Reboant ,p449_l22_o06_a,resonant,S22,F2,,,
88,p449_l22_o10,03v,olimpus,nom̃ montis ẽ,S554,F3,,,,74r,olympus ,p449_l22_o10_a,mons excelsus,S554,F3,,,
89,p449_l22_o10,03v,fateor,loquor /ꝓfiteor,S22,F3,,,,74r,olympus ,p449_l22_o10_a,mons excelsus,S554,F3,,,
90,p449_l23_o02,03v,inchoo,incipio,S22,F2,,,,74r,inchoo ,p449_l23_o02_a,÷ incipio qͣsi inchao,S22,F3,,,
91,p449_l23_o09,03v,traductum,d,S611,F1,,,,74r,traductu ,p449_l23_o09_a,diriuatũ deductũ,S22,F3,,,
92,p449_l25_o04,03v,(add),ueteres,S611,F2,,,,74r,ueteres ,p449_l25_o04_a,antiquos actores artiũ disciplinarũ / artiũ scriptores,S23,F3,,,
93,p449_l26_o11,03v,aliae,+++ c̃. uix,S611,F3,,,,74r,alię ,p449_l26_o11_a,c̃iugatioñ; ÷ suas ꝓprias terminationes,S53,F3,,,
94,p449_l28_o05,03v,secunda,s c̃iugatio,S53,F2,,,,74r,scđa ,p449_l28_o05_a,c̃iugatio,S3232,F2,,,
95,p449_l29_o01,03v,spetialẽ,ꝓpͥã,S22,F2,,,,74r,specialẽ. ,p449_l29_o01_a,ꝓpriã,S22,F2,,,
96,p449_l30_o04,03v,taceo,sileo,S22,F2,,,,74r,Taceo ,p449_l30_o04_a,sileo,S22,F2,,,
97,p449_l30_o09,03v,maneo,habito,S22,F2,,,,74r,Moneo ,p449_l30_o09_a,admoneo ł doceo,S22,F3,,,
98,p449_l30_o10,03v,stupeo,ãmiror,S22,F2,,,,74r,Stupeo ,p449_l30_o10_a,admiror,S22,F2,,,
99,p449_l30_o11,03v,areo ,sicor,S22,F2,,,,74r,Areo ,p449_l30_o11_a,sicco,S22,F2,,,
100,p449_l31_o01,03v,censeo,iudico,S22,F2,,,,74r,Censeo ,p449_l31_o01_a,iudico,S22,F2,p449_l31_o01_b,S24,F5
101,p449_l31_o02,03v,pateo,aperio,S22,F2,,,,74r,Pateo ,p449_l31_o02_a,aperio,S22,F2,,,
102,p449_l31_o04,03v,eodeq ;,&ipso,S22,F2,,,,74r,Eodẽ ,p449_l31_o04_a,sicuti illa uerba in .eo. desinentia,S53,F3,,,
103,p450_l01_o01,03v,profiteor,affirmo,S22,F2,,,,74r,Profiteor ,p450_l01_o01_a,ualde fateor,S23,F3,,,
104,p450_l01_o03,03v,intueor,inspicio/uideo  c̃sidero,S22,F3,,,,74r,Intueor ,p450_l01_o03_a,inspitio cerno,S22,F3,,,
105,p450_l01_o04,03v,notandũ,excipiunt᷑,S22,F2,,,,74r,Notant᷑ ,p450_l01_o04_a,excipiunt᷑,S22,F2,,,
106,p450_l01_o08,03v,beo,bontifico,S22,F2,,,,74v,beo ,p450_l01_o08_a,beatũ fatio,S23,F3,,,
107,p450_l01_o09,03v,creo,facio,S22,F2,,,,74v,Creo ,p450_l01_o09_a,condo,S22,F2,,,
108,p450_l02_o01,03v,meo,pergo,S22,F2,,,,74v,Meo ,p450_l02_o01_a,transeo/ãbulo,S22,F3,,,
109,p450_l02_o03,03v,nauseo,fastidio,S22,F2,,,,74v,Nauseo ,p450_l02_o03_a,fastidio,S22,F2,,,
110,p450_l02_o04,03v,enucleo,aperio,S22,F2,,,,74v,Enucleo ,p450_l02_o04_a,aperio /manifesto,S22,F3,p450_l02_o04_b,S54,F4
111,p450_l02_o05,03v,laqueo,ligo,S22,F2,,,,74v,Laqueo ,p450_l02_o05_a,irretio,S22,F2,p450_l02_o05_b,S23,F5
112,p450_l02_o06,03v,screo,spuo,S22,F2,,,,74v,Screo ,p450_l02_o06_a,spuo,S22,F2,p450_l02_o06_b,S54,F5
113,p450_l02_o11,03v,queo,ualeo possũ,S22,F3,,,,74v,queo ,p450_l02_o11_a,possũ,S22,F2,,,
114,p450_l05_o06,04r,induo ,uestio,S22,F2,,,,74v,Induo ,p450_l05_o06_a,cirũdo,S22,F2,,,
115,p450_l05_o07,04r,arguo,c̃uto eo rep̃hendo,S23,F3,,,,74v,Arguo ,p450_l05_o07_a,Rep̃hendo,S22,F2,p450_l05_o07_b,S23,F3
116,p450_l05_o08,04r,fluo ,dercurro,S22,F2,,,,74v,Fluo ,p450_l05_o08_a,decurro/mano,S22,F3,,,
117,p450_l05_o09,04r,polluo,sordo ł sordeo,S22,F3,,,,74v,Polluo ,p450_l05_o09_a,contamino : coinqͥno,S22,F3,,,
118,p450_l05_o11,04r,alluo,perfu(ndo),S22,F2,,,,74v,Alluo ,p450_l05_o11_a,mundo,S22,F2,,,
119,p450_l06_o01,04r,innuo ,Signũ facio,S23,F3,,,,74v,Innuo ,p450_l06_o01_a,ł nutũ facio/signo,S23,F3,,,
120,p450_l06_o02,04r,minuo ,subtruo,S22,F2,,,,74v,Minuo ,p450_l06_o02_a,subtraho,S22,F2,,,
121,p450_l06_o03,04r,spuo ,sereo,S22,F2,,,,74v,spuo ,p450_l06_o03_a,reicio,S22,F2,,,
122,p450_l06_o04,04r,ruo,cado,S22,F2,,,,74v,Ruo ,p450_l06_o04_a,cado,S22,F2,,,
123,p450_l06_o06,04r,metuo ,timeo,S22,F2,,,,74v,Metuo ,p450_l06_o06_a,ma?,S22,F2,,,
124,p450_l06_o07,04r,fatuo ,desinio,S22,F2,,,,74v,Fatuo ,p450_l06_o07_a,hebeo tardo,S22,F3,p450_l06_o07_b,S5,F5
125,p450_l06_o09,04r,liquor,soluor/ fluor,S22,F3,,,,74v,Liquor ,,,,,p450_l06_o09_a,S5,F5
126,p450_l09_o02,04r,continuo,c̃iungo,S22,F2,,,,74v, Continuo ,p450_l09_o02_a,ꝓtelo/ł continuatĩ q̃ cepi fatio,S23,F4,,,
127,p450_l09_o03,04r,fluctuo ,uacillo,S22,F2,,,,74v,Fluctuo ,p450_l09_o03_a,dubito ł titubo,S22,F3,,,
128,p450_l13_o02,04r,illa ,s̃  uerba,S3232,F2,,,,74v,primę ,p450_l13_o02_a,coniugatioñ,S53,F2,,,
129,p450_l13_o05,04r,adherentia,s̃ copulata & coïunta uidelicet ꝑ diriuatione,S23,F3,,,,74v,adhęrentia ,p450_l13_o05_a,quę nõib; adhęrent/seruientia .s. illa uerba adhęrent nõib qͣ hñt/similia nõa sibi a qͥb; diriuant᷑,S53,F4,p450_l13_o05_b,S53,F5
130,p450_l15_o07,04r,nuntius,legatꝰ,S22,F2,,,,74v,ñtio ,p450_l15_o07_a,narro,S22,F2,,,
131,p450_l16_o03,04r,sotius,comes uicinꝰ,S22,F3,,,,74v,Sotius ,p450_l16_o03_a,cõpar/sodalis/cliens,S22,F3,,,
132,p450_l16_o06,04r,curia,domꝰ,S22,F2,,,,74v,Curia. ,,,,,p450_l16_o06_b,S63,F3
133,p450_l18_o01,04r,Radius,uirga geometricalis,S23,F3,,,,74v,Radius ,p450_l18_o01_a,splendor,S22,F2,,,
134,p450_l18_o07,04r,conciliũ,iudiciũ,S22,F2,,,,74v,Conciliũ ,p450_l18_o07_a,c̃gregatio,S22,F2,,,
135,p450_l19_o03,04r,defolio,detrao,S22,F2,,,,74v,defolio ,p450_l19_o03_a,folia carpo,S23,F3,,,
136,p450_l19_o08,04r,sumnium,uisio,S22,F2,,,,74v,Somnium ,p450_l19_o08_a,ipsa uisio,S23,F3,,,
137,p450_l20_o04,04r,delinio,lineã destro ł unguo,S22,F3,,,,74v,Delinio ,p450_l20_o04_a,blandior,S22,F2,,,
138,p450_l20_o06,04r,auxilium,adiutoriũ [adiuta]?,S22,F3,,,,74v,Auxiliũ ,p450_l20_o06_a,adium̃tũ,S22,F2,,,
139,p450_l21_o01,04r,decorio,e criñabis traho,S23,F4,,,,74v,Coriũ ,p450_l21_o01_a,pellis animaliũ cur?tis,S23,F3,,,
140,p450_l16_o09,04r,fiducia,qͣsi c̃fido,S22,F2,,,,74v,Fiducia ,p450_l16_o09_a,spes,S22,F2,,,
141,p450_l22_o07,04v,deprecio,uilẽ facio,S22,F3,,,,74v,Depretio ,p450_l22_o07_a,uilẽ facio,S23,F3,,,
142,p450_l22_o09,04v,initium,inchoatuꝫ,S22,F2,,,,74v,Initiũ ,p450_l22_o09_a,inchoatio,S22,F2,,,
143,p450_l24_o04,04v,appositũ,e associatũ,S22,F2,,,,74v,appositũ ,p450_l24_o04_a,associatũ,S22,F2,,,
144,p450_l25_o08,04v,hio,aperio,S22,F2,,,,74v,Hio ,p450_l25_o08_a,os aperio ł spiro,S23,F3,,,
145,p450_l26_o01,04v,pio,purgo/mundo,S22,F3,,,,74v,pio ,p450_l26_o01_a,mundo,S22,F2,,,
146,p450_l27_o02,04v,amplio ,dilato,S22,F2,,,,74v,Amplio ,p450_l27_o02_a,ãplifico accumulo/ł congrego,S22,F3,p450_l27_o02_b,S53,F5
147,p451_l02_o05-06,04v,per apocopã ,ꝑ ablacionẽ  ,S22,F3,,,,75r,ꝑ apocopam ,p451_l02_o05-06_a,ꝑ abscisionẽ ultimę litterę,S53,F3,,,
148,p451_l02_o09,04v,lani,Quasi carnifex,S23,F3,,,,75r,lani ,p451_l02_o09_a,ꝓ lanii,S611,F2,,,
149,p451_l04_o10,04v,priuatũ,aliena,S22,F2,,,,75r,priuatũ ,p451_l04_o10_a,fraudatũ/separatum/alienatũ,S22,F3,,,
150,p451_l08_o04,04v,ambio,circumeo/cupio,S22,F3,,,,75r,Ambio ,p451_l08_o04_a,ab am et eo/÷ circumeo/ł concupisco,S25,F3,,,
151,p451_l08_o08,04v,sancio,iudico,S22,F2,,,,75r,Sanctio ,p451_l08_o08_a,definio,S22,F2,p451_l08_o08_b,S5,F5
152,p451_l09_o02,04v,fartio,im pleo {expleo? ex far++ ?},S23,F4,,,,75r,Fartio ,p451_l09_o02_a,repleo ÷ ꝓfli?o,S22,F3,,,
153,p451_l09_o03,04v,expedio,quasi impeditũ,S22,F2,,,,75r,Expedio ,p451_l09_o03_a,expedio ex ex ⁊ pes/÷ absoluo ł conuenio/qͣsi ex pede,S25,F3,,,
154,p451_l09_o06,04v,condio,p̃paro,S22,F2,,,,75r,Condio ,p451_l09_o06_a,salẽ mitto,S23,F3,,,
155,p451_l09_o08,04v,erudio,doceo,S22,F2,,,,75r,Erudio ,p451_l09_o08_a,doceo,S22,F2,p451_l09_o08_b,S54,F4
156,p451_l10_o01,04v,uagio,ploro,S22,F2,,,,75r,Vagio ,p451_l10_o01_a,plango ł ploro/ꝓprie uagire/inanio,S22,F3,,,
157,p451_l10_o02,04v,p̃sagio,futura prędico,S23,F3,,,,75r,Presagio ,p451_l10_o02_a,futura p̃dico,S23,F3,p451_l10_o02_b,S5,F5
158,p451_l10_o04,04v,sepelio,sacro /c̃do,S22,F3,,,,75r,Sepelio ,p451_l10_o04_a,infodio,S22,F2,,,
159,p451_l10_o05,04v,stabilio ,constituo/c̃firmo,S22,F3,,,,75r,Stabilio ,p451_l10_o05_a,c̃firmo,S22,F2,,,
160,p451_l10_o09,04v,redimio,decoro cõpono orno,S22,F3,,,,75r,Redimio ,p451_l10_o09_a,orno corono como edifico/ et inde redimicula ÷ or/namenta,S24,F4,,,
161,p451_l10_o10,04v,exinanio,exuacuo,S22,F2,,,,75r,Exinanio ,p451_l10_o10_a,euacuo dem̃tior,S22,F3,,,
162,p451_l11_o02,04v,insanio,furio,S22,F2,,,,75r,Lenio ,p451_l11_o02_a,Blandior,S22,F2,,,
163,p451_l11_o04,04v,insignio,orno/redimio,S22,F3,,,,75r,Insignio ,p451_l11_o04_a,nobilio,S22,F2,p451_l11_o04_b,S5,F5
164,p451_l11_o09,05r,Grunnio,murmuro,S22,F2,,,,75r,Munio ,p451_l11_o09_a,firmo/defendo,S22,F3,,,
165,p451_l11_o10,05r,munio,defendo,S22,F2,,,,75r,Punio ,p451_l11_o10_a,dãpno/ł ulciscor,S22,F3,p451_l11_o10_b,S54,F4
166,p451_l12_o01,05r,Sepio,circũdo,S22,F2,,,,75r,Sepio ,p451_l12_o01_a,cirũdo,S22,F2,,,
167,p451_l12_o02,05r,Sopio,dormio,S22,F2,,,,75r,sopio ,p451_l12_o02_a,dormio /Vnde sopinus et sopor qđ fuit a p̃ paganos defectiuũ/fit,S5,F4,,,
168,p451_l12_o03,05r,Ferio,ꝑcucio,S22,F2,,,,75r,Ferio ,p451_l12_o03_a,ꝑcutio,S22,F2,,,
169,p451_l12_o06,05r,Garrio,murmuro,S22,F2,,,,75r,Garrio ,p451_l12_o06_a,murmuro et inepte loquor et importo / auiũ ÷ ꝓpͥe garrire,S22,F4,p451_l12_o06_b,S23,F4
170,p451_l12_o07,05r,Ligurrio,lango ł gusto.,S22,F3,,,,75r,Ligurio ,p451_l12_o07_a,lingue gusto/lingo,S22,F3,,,
171,p451_l12_o08,05r,Esurio,quasi edere desidero,S22,F3,,,,75r,Esurio ,p451_l12_o08_a,meditor/esurire,S333,F3,p451_l12_o08_b,S333,F5
172,p451_l13_o01,05r,Prurio,saniem emitte iđ scabiem,S23,F4,,,,75r,Prurio ,p451_l13_o01_a,uerbũ leꝓsi ÷ scabeo,S23,F3,,,
173,p451_l13_o02,05r,Parturio,parere/meditor,S54,F3,,,,75r,Parturio ,p451_l13_o02_a,medito/parere,S33,F3,,,
174,p451_l13_o04,05r,Inretio,inligo,S22,F2,,,,75r,Irretio ,p451_l13_o04_a,illaq̃o/retineo,S22,F2,,,
175,p451_l13_o06,05r,gestio,exulto gaudeo,S22,F3,,,,75r,"Gestio -tis,  ",p451_l13_o06_a,inde gesta scõꝵ,S24,F3,,,
176,p451_l13_o09,05r,seruio,oboedio,S22,F2,,,,75r,"Seruio -uis,  ",p451_l13_o09_a,oboedio,S22,F2,,,
177,p451_l21_o06,05r,elitio,expͥmo /seduco,S22,F3,,,,75r,Elicio ,p451_l21_o06_a,extorq̃o ł expͥmo/ꝓuoco illicib;,S22,F3,,,
178,p451_l21_o08,05r,pellitio,in fraudũ duco.,S23,F3,,,,75r,Pelltio ,p451_l21_o08_a,decipio,S22,F2,,,
179,p451_l21_o09,05r,interfitio,occido,S22,F2,,,,75r,Int̃fitio ,p451_l21_o09_a,occido/int̃imo,S22,F3,,,
180,p451_l21_o10,05r,offitio,noceo,S22,F2,,,,75r,Offitio ,p451_l21_o10_a,offendo/ł noceo,S22,F3,,,
181,p451_l22_o01,05r,capio,conp̃hendo,S22,F2,,,,75r,Capio  ,p451_l22_o01_a,.s. ore ł manib;,S53,F3,,,
182,p451_l22_o02,05r,sapio,scio,S22,F2,,,,75v,Sapio ,p451_l22_o02_a,suo,S22,F2,,,
183,p451_l22_o06,05r,fodio,ꝑforo,S22,F2,,,,75v,Fodio ,p451_l22_o06_a,fossã f?e?io,S23,F3,,,
184,p451_l22_o07,05r,fugio,ꝓficiscor.,S22,F2,,,,75v,Fugio  ,,,,,p451_l22_o07_a,S331,F4
185,p451_l23_o01,05r,patior,suffero sustineo,S22,F3,,,,75v,Patior ,p451_l23_o01_a,÷ sustineo / passionẽ,S23,F3,,,
186,p451_l22_o04,05r,orior,nascor,S22,F2,,,,75v,Orior ,p451_l22_o04_a,nascor,S22,F2,,,
187,p451_l23_o05,05r,potior,utor,S22,F2,,,,75v,potior ,p451_l23_o05_a,possideo,S22,F2,,,
188,p451_l33_o03,05v,disserere,manifestare,S22,F2,,,,75v,disserere ,p451_l33_o03_a,exponere,S22,F2,,,
189,p451_l34_o05,05v,ubertati,copie,S22,F2,,,,75v,ubertati ,p451_l34_o05_a,abundantię,S22,F2,,,
190,p451_l35_o08,05v,multa,S̃ uerba,S53,F2,,,,75v,multa ,p451_l35_o08_a,.s. uerba,S3232,F2,,,
191,p451_l36_o05,05v,genuit,S̃ uerba,S53,F2,,,,75v,genuit ,p451_l36_o05_a,.s. natura/ꝓcreauit,S22,F3,,,
192,p452_l02_o04,05v,motu ,ĩ modo,S22,F2,,,,75v,motu ,p452_l02_o04_a,modo,S22,F2,,,
193,p452_l02_o07,05v,eas,terminationes,S3232,F2,,,,75v,eas ,p452_l02_o07_a,.s. terminationes,S3232,F2,,,
194,p452_l03_o06,05v,quas ,s ipsa natura,S3232,F3,,,,75v,Quas ,p452_l03_o06_a,t̃minationes,S3232,F2,,,
195,p452_l04_o03,05v,adherentia ,ĩ coherentia,S22,F2,,,,75v,adhęrentia ,p452_l04_o03_a,seruientia,S22,F2,,,
196,p452_l05_o01,05v,origines,principia exordia,S22,F3,,,,75v,origines ,p452_l05_o01_a,initia ł pͥmor/dia,S22,F3,,,
197,p452_l08_o08,05v,distinctę;,diuise separate,S22,F3,,,,75v,destinatę. ,p452_l08_o08_a,disciretę/ordinatę,S22,F3,,,
198,p452_l13_o05,06r,obseruando,custodiendo,S22,F2,,,,76r,scilicet ,p452_l13_o05_a,.s. iure,S22,F2,,,
199,p452_l13_o08,06r,positionis ,s uerbi,S412,F2,,,,76r,positionis ,p452_l13_o08_a,÷ primę ꝑsonę indicatiui modi,S53,F3,p452_l13_o08_b,S631,F5
200,p452_l15_o08,06r,litigo,rexo,S22,F2,,,,76r,Litigo ,p452_l15_o08_a,altercor,S22,F2,p452_l15_o08_b,S5,F5
201,p452_l15_o09,06r,litigium,iurgium,S22,F2,,,,76r,Litigiũ ,p452_l15_o09_a,Rixa,S22,F2,,,
202,p452_l15_o10,06r,mercor,emtores,S22,F2,,,,76r,Mercor ,p452_l15_o10_a,cõmuto,S22,F2,,,
203,p452_l15_o11,06r,commertium,mercimoniũ,S22,F2,,,,76r,Cõmertium ,p452_l15_o11_a,mercatio lucrũ,S22,F3,,,
204,p452_l16_o01,06r,obsono ,contradico,S22,F2,,,,76r,Obsono ,p452_l16_o01_a,ct̃ sono ł conunio,S22,F3,p452_l16_o01_b,S5,F4
205,p452_l16_o02,06r,obsonium,contradictio ł detractio,S22,F3,,,,76r,Obsonũ ,p452_l16_o02_a,uenale,S22,F2,p452_l16_o02_b,S23,F3
206,p452_l16_o03,06r,uestigo ,porscrutor inquaero,S22,F3,,,,76r,Vestigo ,p452_l16_o03_a,sequor,S22,F2,,,
207,p452_l16_o05,06r,edifico,ędẽ fatio/c̃seruo,S23,F3,,,,76r,Aedifico ,p452_l16_o05_a,construo,S22,F2,,,
208,p452_l17_o01,06r,sacrificium,sacrũ factũ,S25,F3,,,,76r,Sacrifitium ,p452_l17_o01_a,oblatio,S22,F2,,,
209,p452_l17_o02,06r,participo,mancipo cõm(unico),S22,F3,,,,76r,Participo ,p452_l17_o02_a,partẽ capio,S25,F3,,,
210,p452_l17_o04,06r,mancipo,,,,,,,76r,Mancipo ,p452_l17_o04_a,subdo/manu capio,S22,F3,,,
211,p452_l17_o05,06r,mancipium,manu captũ,S25,F3,manu++++abeo,S23,F3,76r,Mancipiũ ,p452_l17_o05_a,qđqđ manu capit,S25,F3,,,
212,p452_l17_o06,06r,inpero,precipio,S22,F2,,,,76r,Impero ,p452_l17_o06_a,regno precipio,S22,F3,,,
213,p452_l17_o07,06r,inperium,p̃ceptũ,S22,F2,,,,76r,Imperium ,p452_l17_o07_a,regnũ potestas,S22,F3,,,
214,p452_l18_o02,06r,conuiuium,a cummunione uescenciũ̃/nomen habens,S54,,,,,76r,Conuiuium ,p452_l18_o02_a,cõmunis/uita,S25,F3,,,
215,p452_l18_o03,06r,prandeo,comedo,S22,F2,p̃sens sedeo,S54,F3,76r,Prandeo ,p452_l18_o03_a,iñ cęno in nocte,S23,F4,,,
216,p452_l18_o05,06r,gaudeo,letor,S22,F2,,,,76r,Gaudeo ,p452_l18_o05_a,congratulor,S22,F2,,,
217,p452_l18_o07,06r,presideo,auxilio,S22,F2,,,,76r,Pręsideo ,p452_l18_o07_a,antesedeo/seu pręsum,S22,F3,,,
218,p452_l19_o03,06r,remedium,medela,S22,F2,adiutorium,S22,F2,76r,Remediũ ,p452_l19_o03_a,sanitas medicina,S22,F3,,,
219,p452_l19_o05,06r,conubium,copulatio uiri et femine,S23,F3,,,,76r,Conubiũ ,p452_l19_o05_a,c̃iugium,S22,F2,p452_l19_o05_b,S22,F4
220,p452_l20_o01,06r,fastidio,nauseo,S22,F2,,,,76r,Fastidio ,p452_l20_o01_a,sperno nãuseo ł reicio,S22,F3,,,
221,p452_l20_o04,06r,consulo,,,,consulo te int̃rogo/consulo tibi ĩꝓuideo,S41,F4,76r,Consulo ,p452_l20_o04_a,consiliũ do/ꝑcunctor,S23,F3,p452_l20_o04_b,S23,F4
222,p452_l21_o01,06r,obsequor,obedio pareo,S22,F3,,,,76r,Obsequor ,p452_l21_o01_a,oboedio/obtẽmpero,S22,F3,,,
223,p452_l21_o05,06r,domunculo,domũ facio,S23,F3,,,,76r,Domunculo ,p452_l21_o05_a,paruã domũ fatio,S23,F4,p452_l21_o05_b,S5,F5
224,p452_l21_o06,06r,domicilium,parua casida,S23,F3,,,,76r,Domicilium ,p452_l21_o06_a,domꝰ auiũ,S23,F3,,,
225,p452_l22_o01,06r,solsto ,solstat,S331,F2,,,,76r,Solsto ,p452_l22_o01_a,solẽ stare facio,S23,F4,p452_l22_o01_b,S5,F5
226,p452_l22_o02,06r,solsticium ,Solis stadiũ,S54,F3,,,,76r,Solstitium ,p452_l22_o02_a,solis statio,S25,F3,,,
227,p452_l22_o04,06r,iusticium ,luctus publicus,S23,F3,,,,76r,Iustitium ,p452_l22_o04_a,locus ubi iustitia sit,S23,F4,,,
228,p452_l22_o05,06r,cerno ,sedes,S22,F2,,,,76r,Cerno ,p452_l22_o05_a,uideo,S22,F2,,,
229,p452_l22_o06,06r,silicernium,senes incuru /Infirmitas senũ,S23,F3,,,,76r,Silicernium ,p452_l22_o06_a,ipsa res,S23,F3,p452_l22_o06_b,S4181,F5
230,p452_l23_o02,06r,ridiculum,Fraus siue irrisio,S22,F3,,,,76r,Ridiculum ,p452_l23_o02_a,paruus risus/ł derisio/chachinnus,S22,F3,,,
231,p452_l23_o03,06r,perpendo ,Libro / coequo ,S22,F3,ꝑpendiculũ dt᷑ ++ /coequant᷑ maceria,S23,F4,76r,Perpendo ,p452_l23_o03_a,coęquo ꝑpendo/mensuro,S22,F3,,,
232,p452_l23_o05,06r,euerso,destruo,S22,F2,,,,76r,Euerso ,p452_l23_o05_a,destruo,S22,F2,,,
233,p452_l23_o06,06r,euersiculum,euersio,S22,F2,,,,76r,Euersiculũ ,p452_l23_o06_a,destructio diuisio,S22,F3,,,
234,p452_l23_o07,06r,deuerto ,qͣsi at euerto,S221,F3,,,,76r,Euerto ,p452_l23_o07_a,ł di,S22,F1,,,
235,p452_l24_o01,06r,deuerticulum ,quasi ipsa declinatio,S53,F3,,,,76r,Euerticulũ ,p452_l24_o01_a,diuerticula s̃ semitę transuersę,S23,F4,,,
236,p452_l24_o02,06r,ueo,a ueando,S54,F3,,,,76r,Veho ,p452_l24_o02_a,porto,S22,F2,,,
237,p452_l24_o03,06r,uehiculum,potest di plautrũ ,S22,F4,,,,76r,Vehiculũ ,p452_l24_o03_a,plaustrũ,S22,F2,,,
238,p452_l24_o04,06r,Pereo,obeo [d?++or ?],S22,F3,,,,76r,Pereo ,,,,,p452_l24_o04_b,S5,F4
239,p452_l24_o05,06r,periculum,discrim̃,S22,F2,,,,76r,Periculũ ,,,,,p452_l24_o05_a,S21,F5
240,p452_l24_o07,06r,ferculum,Uas ubi cibu ferunt̃,S23,F4,,,,76r,Ferculũ ,p452_l24_o07_a,discus mensa,S22,F3,,,
241,p452_l25_o08,06r,iaculum,nisi lũ s̃ nomina,S53,F4,,,,76v,iaculũ ,p452_l25_o08_a,telũ,S22,F2,,,
242,p452_l26_o10,06r,regimen,gubernatio regis,S23,F3,,,,76v,regimen ,p452_l26_o10_a,gubernatio/dominatio,S22,F2,,,
243,p452_l27_o01,06r,tego,cooperio ,S22,F2,,,,76v,Tego ,p452_l27_o01_a,operio,S22,F2,,,
244,p452_l27_o02,06r,tegimen,cooperimentũ,S22,F2,,,,76v,Tegimen ,p452_l27_o02_a,operimentũ,S22,F2,p452_l27_o02_b,S313,F5
245,p452_l28_o03,06r,uerecunđ,ꝗ habet uerecundiã,S23,F4,,,,76v, uerecundus ,p452_l28_o03_a,timidus,S22,F2,,,
246,p452_l29_o01,06v,quorum,s̃ nominũ,S3232,F2,,,,76v,quoꝵ ,p452_l29_o01_a,.s. nõinũ,S3232,F2,,,
247,p452_l31_o10,06v,presertim,ĩ maxime ł ominino,S22,F2,,,,76v,p̃sertim ,p452_l31_o10_a,maxime,S22,F2,,,
248,p453_l02_o06,06v,positionis ,s̃ pͥme persone,S53,F3,,,,76v,positionis ,p453_l02_o06_a,pͥmę ꝑsonę,S53,F3,,,
249,p453_l03_o02,06v,sole,s littere due.,S53,F3,,,,76v,solę ,p453_l03_o02_a,.s. .s. & .t.,S53,F3,,,
250,p453_l05_o08,06v,censor,iudex,S22,F2,,,,76v,censor ,p453_l05_o08_a,iudex,S22,F2,,,
251,p453_l04_o11,06v,defensor,ꝓtector,S22,F2,,,,76v,defensor ,p453_l04_o11_a,turor/ꝓtector,S22,F3,,,
252,p453_l04_o12,06v,conusltor,inꝗsitor consiliarius,S22,F3,,,,76v,consultor ,p453_l04_o12_a,consiliator/interrogator/ꝓuidens,S22,F3,,,
253,p453_l09_o07,06v,sudo,labor,S22,F2,,,,76v,Sudo ,p453_l09_o07_a,sudore ꝑfundor,S23,F3,p453_l09_o07_b,S53,F5
254,p453_l10_o09,06v,rubeo,ꝓcolore ,S53,F3,,,,76v,Rubeo ,p453_l10_o09_a,uerecundor,S22,F2,,,
255,p453_l10_o11,06v,marceo,defitio areo tabesco siue macior,S22,F3,,,,76v,Marceo ,p453_l10_o11_a,areo,S22,F2,,,
256,p453_l11_o02,06v,candeo,splendor,S22,F2,,,,76v,Candeo ,p453_l11_o02_a,albesco splendeo -dor,S22,F3,,,
257,p453_l11_o04,06v,algeo,a frigeo,S54,F3,,,,76v,Algeo ,p453_l11_o04_a,rigreo -gor,S22,F2,,,
258,p453_l12_o03,06v,horreo.,timeo,S22,F2,,,,77r,Horreo ,p453_l12_o03_a,abominor,S22,F2,p453_l12_o03_b,S23,F4
259,p453_l12_o05,06v,ferueo ,ardeo incendo,S22,F3,,,,77r,Ferueo ,p453_l12_o05_a,ardeo ira,S23,F3,,,
260,p453_l12_o06,06v,feruor,calor,S22,F2,,,,77r,Feruor ,p453_l12_o06_a,dor,S331,F2,,,
261,p453_l12_o07,06v,strideo,stride porcoru,S23,F3,,,,77r,Strideo ,p453_l12_o07_a,sono ł strido,S22,F3,p453_l12_o07_b,S23,F4
262,p453_l14_o02,07r,furor,ipsa iracundia,S22,F3,,,,77r,furor ,p453_l14_o02_a,ira insanio,S22,F3,,,
263,p453_l14_o09,07r,sopio,dormio,S22,F2,,,,77r,Sopio ,p453_l14_o09_a,quiesco/dormio,S22,F3,,,
264,p453_l14_o03,07r,liquor,defluo,S22,F2,,,,77r,Liquor ,p453_l14_o03_a,fluo,S22,F2,p453_l14_o03_b,S5,F4
265,p453_l15_o01,07r,quorũ,nominũ p̃ dictoꝝ,S53,F3,,,,77r,quorũ-duo ,p453_l15_o01_a,÷ liquor ⁊ sopor,S53,F3,,,
266,p453_l17_o02,07r,madeo,umifio,S22,F2,,,,77r,madeo ,p453_l17_o02_a,humidus sũ/humecto,S23,F3,,,
267,p453_l17_o03,07r,madidus,umiđ,S22,F2,,,,77r,madidus ,p453_l17_o03_a,humiđ/ł aspersus sanguine,S23,F3,,,
268,p453_l17_o06,07r,sordeo,squaleo,S22,F2,,,,77r,Sordeo ,p453_l17_o06_a,inqͥno/polluo,S22,F3,,,
269,p453_l17_o07,07r,sordidus , tͫpisseđ ,S22,F2,,,,77r,sordidus ,p453_l17_o07_a,maculatꝰ,S22,F2,,,
270,p453_l17_o08,07r,frigeo,algeo,S22,F2,,,,77r,Frigeo ,p453_l17_o08_a,algeo,S22,F2,,,
271,p453_l19_o03,07r,torreo ,arefio uro,S22,F2,,,,77r,Torreo ,p453_l19_o03_a,uro,S22,F2,p453_l19_o03_b,S5,F5
272,p453_l19_o05,07r,ferueo ,Splendo / studeo,S22,F3,,,,77r,Ferueo ,p453_l19_o05_a,irascor,S22,F2,,,
273,p453_l19_o07,07r,rapio ,tollo /aufero,S22,F3,,,,77r,Rapio ,p453_l19_o07_a,aufero,S22,F2,,,
274,p453_l19_o09,07r,cupio ,desidero ,S22,F2,,,,77r,cupio ,p453_l19_o09_a,opto,S22,F2,,,
275,p453_l20_o02,07r,uiuidus,sagax & agilis,S22,F3,,,,77r,uiuidus ,p453_l20_o02_a,uitalis uelox agilis acutus,S22,F3,,,
276,p453_l21_o05,07r,prandus,opulator,S22,F2,,,,77r,prandus ,p453_l21_o05_a,ꝗ prandet,S23,F4,,,
277,p453_l26_o05,07r,teges,ipsũ cooperimentũ,S22,F3,,,,77r,teges ,p453_l26_o05_a,ł ꝓtectio/obumbratio,S22,F3,p453_l26_o05_b,S313,F4
278,p453_l26_o09,07r,cedes,clades ꝑcutio,S22,F3,,,,77r,cędes ,p453_l26_o09_a,pescis/occidio/homicidiũ,S22,F3,,,
279,p453_l27_o02,07r,struo,congero,S22,F2,,,,77r,Struo ,p453_l27_o02_a,edifico,S22,F2,,,
280,p453_l28_o04,07r,torqueo,Affligo / uereo,S22,F3,,,,77r,Torqueo ,,,,,p453_l28_o04_b,S23,F5
281,p453_l28_o05,07r,torquis,circulus aureus /a torquendo,S23,F3,,,,77r,Torquis ,p453_l28_o05_a,ornam̃tũ colli,S23,F3,,,
282,p453_l29_o04,07r,fatilis , leuis/qͣsi possibilis,S22,F3,,,,77r,facił ,p453_l29_o04_a,leuis,S22,F2,,,
283,p453_l29_o06,07r,utilis ,uibilis/uelox,S22,F3,,,,77r,utilis ,p453_l29_o06_a,habilis/aptus/ꝓficuus/idoneus,S22,F3,,,
284,p453_l29_o07,07r,efutio ,inanesco,S22,F2,,,,77r,Effutio ,p453_l29_o07_a,effundo,S22,F2,p453_l29_o07_b,S23,F4
285,p453_l29_o08,07r,efutilis,uacuus instabilis,S22,F3,,,,77r,effutił ,p453_l29_o08_a,uanus/ instabilis,S22,F3,p453_l29_o08_b,S25,F5
286,p453_l28_o12,07r,docibilis,ꝗ facile poti doceri,S23,F4,docibilis dr̃ sermo ꝗ facile  discit᷑,S23,F4,77r,Docibilis ,p453_l28_o12_a,ł docendo habilis/facile docens,S23,F3,,,
287,p453_l29_o01,07r,nubo,muliem du{xi},S23,F3,,,,77r,Nubo  ,,,,,p453_l29_o01_a,S23,F4
288,p453_l29_o02,07r,nubilis ,nubilis dr̃ apta ad,S23,F4,,,,77r,nubił ,p453_l29_o02_a,puella/apta ad/nubendũ,S23,F3,,,
289,p453_l30_o01,07r,occiduus,occidentalis,S22,F2,,,,77r,occiduus ,p453_l30_o01_a,transitiuus,S22,F2,p453_l30_o01_b,S23,F5
290,p453_l30_o03,07r,p̃duus ,ꝓpmtꝰ p̃de ,S22,F3,,,,77r,Predor ,p453_l30_o03_a,p̃do,S22,F2,,,
291,p453_l30_o04,07r,cedo,paucior ãbulo / in,S22,F3,,,,77r,Pręcido ,p453_l30_o04_a,ambulo/cedo,S22,F3,,,
292,p453_l32_o01,07v,strido,sono,S22,F2,,,,77r,Strido ,p453_l32_o01_a,sono,S22,F2,,,
293,p453_l32_o04,07v,gerulus,portator,S22,F2,,,,77r,geruł ,p453_l32_o04_a,portitor,S22,F2,,,
294,p453_l32_o06,07v,legulus,assiduus in lectione,S23,F3,,,,77r,leguł ,p453_l32_o06_a,legens/ł nauigator,S22,F3,,,
295,p453_l32_o08,07v,murilegulus,captator  mures,S23,F3,,,,77r,murilegulus ,,,,,p453_l32_o08_b,S23,F5
296,p453_l33_o01,07v,tremo ,mobo ł,S22,F2,,,,77r,Tremo ,p453_l33_o01_a,febricito,S22,F2,,,
297,p453_l33_o03,07v,cerno ,inclino uideo ,S22,F3,,,,77r,(add) ,p453_l33_o03_a,"cerno -nulus, (÷ aspector uisor), Queror -ruł,",S611,F4,,,
298,p453_l33_o07,07v,adopto,associo,S22,F2,,,,77r,Adopto ,p453_l33_o07_a,desidero,S22,F2,,,
299,p453_l33_o08,07v,adoptulus,quasi adoptiuus,S22,F2,,,,77r,adoptuł. ,p453_l33_o08_a,adoptans /ualde desiderat᷑ Idem est & adoptiuus,S22,F2,,,
300,p454_l01_o06,07v,uoro ,comedo ,S22,F2,,,,77r,uoro ,p454_l01_o06_a,sorbeo/Glutino,S22,F3,,,
301,p454_l01_o07,07v,uorax,commesor,S22,F2,,,,77r,uorax ,p454_l01_o07_a,Glutiens / sorbens,S22,F3,,,
302,p454_l01_o11,07v,tumans,inflatꝰ,S22,F2,,,,77r,Tumax ,p454_l01_o11_a,suꝑbus/uibrans crispans/febricitans,S22,F3,,,
303,p454_l01_o12,07v,contumeo,suꝑb;,S22,F2,,,,77r,Contumeo ,p454_l01_o12_a,inflo ł suꝑbio,S22,F3,,,
304,p454_l02_o01,07v,contumax,arrogans c̃tem̃tor ,S22,F3,,,,77r,contumax ,p454_l02_o01_a,suꝑbus/uibrans crispans/febricitans,S22,F3,,,
305,p454_l02_o03,07v,tenax,parcus /auarꝰ ł ꝗcqđ conglutinat,S23,F4,,,,77r,tenax ,p454_l02_o03_a,auarus/strictꝰ cupiđ,S22,F3,,,
306,p454_l02_o05,07v,dicax ,loquax /eloquens ł multũ loquens,S22,F2,,,,77r,dicax ,p454_l02_o05_a,ꝗ bene loquitur,S23,F4,,,
307,p454_l03_o01,07v,perspicax,diluciđ manifestꝰ,S22,F3,,,,77r,ꝑspicax ,p454_l03_o01_a,ingeniosus astutus/clarus uigilans,S22,F3,,,
308,p454_l03_o03,07v,efficax,acius uelox,S22,F3,,,,77r,efficax ,p454_l03_o03_a,effitiens/ł potens,S22,F3,p454_l03_o03_b,S22,F3
309,p454_l03_o04,07v,fallo,,,,,,,77r,Fallo ,p454_l03_o04_a,m̃tior,S22,F2,,,
310,p454_l03_o05,07v,fallax,decptor,S22,F2,,,,77r,fallax ,p454_l03_o05_a,m̃dax,S22,F2,,,
311,p454_l03_o07,07v,emax,negotiator,S22,F2,,,,77r,emax ,p454_l03_o07_a,ẽptor,S22,F2,,,
312,p454_l03_o09,07v,uiuax,ꝗ diu uiuit,S23,F4,,,,77v,uiuax ,p454_l03_o09_a,uiuidus,S22,F2,,,
313,p454_l03_o10,07v,sagio,p̃sagio / diuino,S22,F3,,,,77v,Sagio ,p454_l03_o10_a,diuino/ꝓpheto,S22,F3,,,
314,p454_l04_o01,07v,sagax,agilis astutus,S22,F3,,,,77v,pręsagio ,p454_l04_o01_a,fut̃a p̃dico,S23,F4,,,
315,p454_l04_o04,07v,salax,ꝗ frequent̃ sallit,S23,F4,,,,77v,salax ,p454_l04_o04_a,uelox / qͥ bene potest dire,S23,F4,,,
316,p454_l05_o07,07v,latex,foris eoqđ latet,S23,F4,,,,77v,latex ,p454_l05_o07_a,aqͣ latens/ a latendo dr̃,S5,F3,,,
317,p454_l05_o09,07v,uertex,sumitas capitis,S22,F3,,,,77v,uertex ,p454_l05_o09_a,sũm pras capitis/Eo qđ ibi uertunt᷑ capille:,S23,F5,p454_l05_o09_b,S23,F5
318,p454_l09_o07,07v,uocabulũ,dr̃ nom̃ in corporalis rei seu in/animabus,S23,F4,,,,77v,Pateo ,p454_l09_o07_a,aperio,S22,F2,,,
319,p454_l11_o03,07v,ludo,scribo ⁊ ioco,S22,F3,,,,77v,ludo ,p454_l11_o03_a,iocor,S22,F2,,,
320,p454_l12_o03,07v,furibundus,insanꝰ,S22,F2,,,,77v,Furibundus. ,p454_l12_o03_a,simił furenti,S22,F2,p454_l12_o03_b,S5,F5
321,p454_l17_o05,08r,scriba,legis doctor,S23,F3,,,,77v,scriba ,p454_l17_o05_a,doctꝰ scriptor,S22,F3,p454_l17_o05_b,S23,F5
322,p454_l17_o07,08r,pronuba,mulier ꝗ disponit nuptias,S23,F4,,,,77v,ꝓnuba ,p454_l17_o07_a,ꝗ nubentib p̃est,S23,F4,p454_l17_o07_b,S23,F5
323,p454_l17_o10,08r,profugio,porro fugio,S54,F3,,,,77v,ꝓfugio ,p454_l17_o10_a,porro fugio,S25,F3,,,
324,p454_l18_o03,08r,aduenio,peregrinꝰ,S22,F2,,,,77v,aduena ,p454_l18_o03_a,ꝗ aliunde aduenit/seu peregrinus,S23,F4,,,
325,p454_l18_o07,08r,lenio,blandior,S22,F2,,,,77v,Lena ,p454_l18_o07_a,seductrix/ł ꝑspectrix/scru/pri,S22,F3,,,
326,p454_l18_o08,08r,lena,sillex,S22,F2,,,,77v,Sequor ,p454_l18_o08_a,minister qui/assequitur ł qui assequit? ł / secreta sui senio/ris scit ł assecula,S23,F4,,,
327,p454_l18_o05,08r,conuenio,Adolator / deceptrix,S22,F3,,,,77v,conuena ,p454_l18_o05_a,ꝗ cũ uenit/simul ueniens,S23,F3,,,
328,p454_l18_o06,08r,conuena,ꝗ simulcũ aliis conuenit,S23,F4,,,,77v,Lenio ,p454_l18_o06_a,placo/ł satis fatio,S22,F3,,,
329,p454_l19_o07,08r,terrigena,ex t̃ra genitus,S54,F3,,,,77v,Terrigena ,p454_l19_o07_a,a t̃ra genitꝰ / siue gigas ꝗ dic/ti st̃/ t̃rę si/łii,S23,F4,,,
330,p454_l19_o09,08r,conuiua,comescor manduco,S22,F3,,,,77v,conuiua ,p454_l19_o09_a,ꝗ in conuiuio ẽ/ł simul uiuens/ł uescens,S23,F4,,,
331,p454_l20_o02,08r,insidiae,deceptiones,S22,F2,,,,77v,insidię ,p454_l20_o02_a,deceptiones/fraudes,S22,F3,,,
332,p454_l20_o08,08r,suadeo,ortor,S22,F2,,,,77v,Suadeo ,p454_l20_o08_a,adortor,S22,F2,,,
333,p454_l20_o09,08r,suadela,oratio,S22,F2,,,,77v,Suadela ,p454_l20_o09_a,adoracio,S22,F2,,,
334,p454_l21_o05,08r,lucina,luna,S22,F2,,,,77v,Lucina ,p454_l21_o05_a,et inde luna diriuatur ꝑ sincopã dea/quę parientib; lucẽ prestat,S554,F5,,,
335,p454_l21_o08,08r,ruo,cado,S22,F2,,,,77v,Ruo ,p454_l21_o08_a,cado,S22,F2,,,
336,p454_l21_o09,08r,ruina,euersio,S22,F2,,,,77v,Ruina ,p454_l21_o09_a,lapsus/casura ł,S22,F3,,,
337,p454_l21_o10,08r,rapio,tollo,S22,F2,,,,77v,Rapio ,p454_l21_o10_a,aufero,S22,F2,,,
338,p454_l22_o01,08r,cubo,a cubando,S54,F3,s genꝰ monstri,S23,F3,77v,Cubo ,p454_l22_o01_a,iaceo,S22,F2,,,
339,p454_l23_o03,08r,epulo,comedo ,S22,F2,,,,77v,Epulo ,,,,,p454_l23_o03_a,S4181,F5
340,p454_l23_o02,08r,epulor,uorax cõmesor,S22,F3,,,,77v,epulor ,,,,,p454_l23_o02_b,S22,F3
341,p454_l23_o05,08r,latro,a latendo,S54,F3,,,,77v,Latro ,p454_l23_o05_a,fur a latendo dr̃/ latendo furat᷑,S54,F4,,,
342,p454_l23_o06,08r,lenio,deceptor,S22,F2,,,,77v,Lenio ,p454_l23_o06_a,sedo placo/blandior,S22,F3,,,
343,p454_l23_o07,08r,leno,seductor,S22,F2,,,,77v,leno ,,,,,p454_l23_o07_b,S23,F5
344,p454_l23_o08,08r,comedo,gluto,S22,F2,,,,77v,comedo ,,,,,p454_l23_o08_b,S23,F5
345,p454_l23_o09,08r,palpo,,,,palpo potest dici papilio/at palpo potest dici ?,S22,F4,77v,Palpo ,p454_l23_o09_a,tango,S22,F2,,,
346,p454_l23_o10,08r,uerbero,ꝑcucuio,S22,F2,,,,77v,uerbero ,,,,,p454_l23_o10_a,S23,F5
347,p454_l23_o11,08r,incubo,genꝰ demonũ,S52,F3,,,,77v,Incubo ,,,,,p454_l23_o11_b,S5,F5
348,p454_l25_o07,08r,turpedo,foditas,S22,F2,,,,78r,torpedo ,,,,,p454_l25_o07_a,S23,F3
349,p454_l25_o09,08r,cupido,ꝗdã deus,S554,F3,,,,78r,cupido ,,,,,p454_l25_o09_a,S553,F5
350,p454_l25_o12,08r,formido,terror timor,S22,F3,,,,78r,formido ,,,,,p454_l25_o12_b,S23,F4
351,p454_l26_o03,08r,caligo,qͣsi cecitas,S22,F2,,,,78r,caligo ,,,,,p454_l26_o03_b,S23,F5
352,p454_l26_o04,08r,propago ,ad ui nite res ꝑtinet,S23,F4,,,,78r,ꝓpago ,,,,,p454_l26_o04_b,S23,F4
353,p454_l28_o10,08r,parto,indulgeo,S22,F2,,,,78r,parco ,,,,,p454_l28_o10_a,S5,F5
354,p454_l29_o07,08r,fidus,in quo fiducia habet᷑/amicus,S23,F4,,,,78r,fidus ,p454_l29_o07_a,credulus,S22,F2,,,
355,p454_l29_o09,08r,pandus,aprtus,S22,F2,,,,78r,pandus ,p454_l29_o09_a,aꝑtꝰ latꝰ/manifestꝰ/patulus,S22,F3,,,
356,p454_l29_o11,08r,lucꝰ,nemora silua,S22,F3,,,,78r,lucus ,p454_l29_o11_a,densa silua,S23,F3,p454_l29_o11_b,S23,F5
357,p454_l30_o01,08r,arceo,uello,S22,F2,,,,78r,arceo ,p454_l30_o01_a,stringo/cohibeo,S22,F3,,,
358,p454_l30_o02,08r,arcus,ab arcendo,S54,F3,,,,78r,archus ,p454_l30_o02_a,ab arcendis,S54,F3,,,
359,p454_l30_o03,08r,metuo, aciđt,S42,F2,,,,78r,metuo ,p454_l30_o03_a,timeo,S22,F2,,,
360,p454_l30_o09,08r,multiscius,multa sciens,S24,F3,,,,78r,multiscius ,p454_l30_o09_a,ꝗ multũ scit,S23,F4,,,
361,p454_l30_o10,08r,inscius,noscius,S22,F2,,,,78r,inscius ,p454_l30_o10_a,ꝗ nescit,S23,F4,,,
362,p454_l31_o01,08r,p̃scius,antescius,S22,F2,,,,78r,p̃scius ,p454_l31_o01_a,p̃sciens ft̃a,S23,F3,,,
363,p454_l31_o07,08r,inuideo,ꝗ fert inuidiã,S23,F4,,,,78r,inuidus ,p454_l31_o07_a,inuidus ẽ ꝗ inuid& inuidiosus / ꝗ alterius inuidiã patitur,S23,F5,,,
364,p454_l32_o06,08v,beneficus,fatiens bene,S23,F3,,,,78r,benifcus ,,,,,p454_l32_o06_b,S8141,F5
365,p454_l32_o08,08v,ueneficus,tentator ł seductor,S22,F3,,,,78r,ueneficus. ,p454_l32_o08_a,uenenũ faciens/ł malitiosus,S23,F4,p454_l32_o08_b,S13,F5
366,p454_l33_o03,08v,fatidicus,diuͥnꝰ,S22,F2,,,,78r,fatidicus ,p454_l33_o03_a,fata dicens,S25,F3,,,
367,p454_l33_o09,08v,beneuolus,ꝗ bene uult ,S23,F4,,,,78r,beniuolus ,p454_l33_o09_a,beneuolens,S22,F2,,,
368,p455_l01_o09,08v,naufragus,ꝗ cađ de naue,S23,F4,,,,78r,naufragus ,p455_l01_o09_a,nauis fractio,S25,F3,,,
369,p455_l02_o11,08v,uadũ,locus in fluminib;,S23,F3,,,,78r,uadũ ,p455_l02_o11_a,aqͣ tenuis/ a uado,S5,F3,,,
370,p455_l03_o05,08v,scalprum,ab incidendũ,S23,F3,,,,78r,scalprũ ,p455_l03_o05_a,ferrum quo scalpunt/carpentarii/ł sculprũ,S23,F4,,,
371,p455_l03_o07,08v,fulcrũ,ornamentũ lecti,S23,F3,,,,78r,fulcrũ ,,,,,p455_l03_o07_a,S8141,F5
372,p455_l03_o09,08v,iugũ,a iugendo,S54,F3,,,,78r,iungũ ,p455_l03_o09_a,seruitꝰ,S22,F2,,,
373,p455_l09_o13,08v,cornicen,cornu carens,S24,F3,,,,78r,cornicen ,p455_l09_o13_a,ꝗ cornu canit/ł cornu carens,S23,F4,,,
374,p455_l09_o14,08v,liticen,lituo canens,S24,F3,,,,78r,liticen ,p455_l09_o14_a,ꝗ litia cañ ÷/musa,S23,F4,,,
375,p455_l09_o15,08v,tibicen,musatores,S22,F2,,,,78r,tubicen ,p455_l09_o15_a,ꝗ tuba cañ,S23,F4,,,
376,p455_l10_o05,08v,compos,sotius siue effector uotiui,S22,F3,,,,78r,cõpos. ,p455_l10_o05_a,effector uoti ł adeptor uoti/ł cõpositor ornam̃ti ł uoluntatis,S23,F3,,,
377,p455_l11_o01,08v,opifex,adiutoriũ fatiens,S23,F3,,,,78r,opifex ,p455_l11_o01_a,opꝰ fatiens,S25,F3,,,
378,p455_l11_o06,08v,auceps,aues capiens,S54,F3,,,,78r,auceps ,p455_l11_o06_a,aues capiens,S25,F3,,,
379,p455_l11_o09,08v,obex,oppositio,S22,F2,,,,78r,obex ,p455_l11_o09_a,Repaculũ qđ ostio/obicitur,S23,F4,,,
380,p455_l12_o01,08v,p̃ses,ꝗ alios excellit,S23,F4,,,,78r,p̃ses ,p455_l12_o01_a,iudex,S22,F2,,,
381,p455_l12_o05,08v,deses,stultꝰ inconstans desidios,S22,F3,,,,78r,deses ,p455_l12_o05_a,piger stultus/ł neglegens,S22,F3,,,
382,p455_l12_o07,08v,quies,reꝗes,S22,F2,,,,78r,quies ,,,,,p455_l12_o07_a,S313,F5
383,p455_l18_o10,09r,orac[ulũ],responsũ diuinũ,S22,F3,,,,78v,Oraculum ,p455_l18_o10_a,Responsum/diuinũ,S23,F3,p455_l18_o10_b,S5,F5
384,p455_l19_o02,09r,ꝓpugnanculũ,torris ubi pugnatiũ,S23,F3,,,,78v,Propugnaculũ ,p455_l19_o02_a,summa pars muri,S23,F3,,,
385,p455_l19_o03,09r,fundamentum,s̃ stabilitas dοmoru,S23,F3,,,,78v,Fundamentũ ,p455_l19_o03_a,fundatum .tũ. in .mentũ. fit fundam̃tũ,S313,F4,p455_l19_o03_b,S23,F4
386,p455_l19_o06,09r,munimentũ,ꝓtectio ł tutela / scutũ,S22,F3,,,,78v,Munimentũ ,p455_l19_o06_a,tutamen ÷ defensio,S22,F3,,,
387,p455_l20_o01,09r,alimentũ,cib; qualiscũq; /pabulũ,S22,F3,,,,78v,Alimentũ ,p455_l20_o01_a,Nutrimentũ,S22,F2,p455_l20_o01_b,S313,F3
388,p455_l20_o02,09r,incrementũ,aum̃tũ increm̃tũ,S22,F3,,,,78v,Incrementũ ,p455_l20_o02_a,augm̃tũ,S22,F2,p455_l20_o02_b,S313,F3
389,p455_l20_o03,09r,solamen,Solatiũ / auxiliũ,S22,F3,,,,78v,Solamen ,p455_l20_o03_a,consolatio/adiutoriũ,S22,F3,,,
390,p455_l20_o04,09r,foramen,tenebracio aliqͣ,S22,F3,,,,78v,Foramen ,p455_l20_o04_a,ꝑ tusũ,S22,F2,p455_l20_o04_b,S313,F3
391,p455_l20_o05,09r,purgamen,purificatio,S22,F2,,,,78v,Purgamen ,p455_l20_o05_a,÷ purgatio,S23,F3,,,
392,p455_l20_o06,09r,fl[amen],[sa]cerdotũ iouis significat,S554,F4,,,,78v,Flamen ,p455_l20_o06_a,sp̃s seuius uentorũ/÷ flatus,S554,F3,p455_l20_o06_b,S23,F5
393,p455_l21_o01,09r,liquamen,res humida ◌͛ humida res,S22,F3,,,,78v,Ligam̃  ,p455_l21_o01_a,ligatio,S22,F2,,,
394,p455_l21_o02,09r,certamen,pugnam̃ ,S22,F2,,,,78v,Certamen  ,p455_l21_o02_a,certam̃ dr̃ bellũ pugna agon/conflictus ł conflictio,S23,F3,,,
395,p455_l21_o03,09r,agmen,pugna,S22,F2,,,,78v,Augmen ,p455_l21_o03_a,augm̃tũ ł om̃/siue auguriũ,S22,F3,,,
396,p455_l21_o04,09r,fragmen,mole,S22,F2,,,,78v,Fracmen ,p455_l21_o04_a,crusta unius cuiusq rei,S23,F3,p455_l21_o04_b,S311,F4
397,p455_l21_o07,09r,flumen,aqͣ currens,S23,F3,,,,78v,Flumen. ,p455_l21_o07_a,occursio/ł defallatio,S22,F3,,,
398,p455_l22_o02,09r,amabilis,dignꝰ amore,S23,F3,,,,78v,amabilis ,p455_l22_o02_a,amando habilis,S23,F3,,,
399,p455_l22_o04,09r,laudabilis,dignꝰ laude,S23,F3,,,,78v,Laudabilis ,p455_l22_o04_a,habilis ad laudandũ,S23,F3,,,
400,p455_l28_o06,09r,equatio,p̃portio,S22,F2,,,,78v,Aequatio ,p455_l28_o06_a,assimilatio,S22,F2,,,
401,p455_l29_o01,09r,exhibitio,adtributio,S22,F2,,,,78v,Exibitio ,p455_l29_o01_a,datio manifestatio/tribulatio p̃bitio,S22,F3,,,
402,p455_l28_o07,09r,obseruatio,custodia,S22,F2,,,,78v,Obseruatio ,p455_l28_o07_a,custodia,S22,F2,,,
403,p455_l28_o03,09r,obiurgatio,increpatio,S22,F2,,,,78v,Obrigatio ,p455_l28_o03_a,obrigo ÷ asꝑgo aquã/asꝑsio ł c̃gelatio,S23,F4,,,
404,p455_l30_o02,09r,fultor,sustentator,S22,F2,,,,78v,Fultor ,p455_l30_o02_a,sustenator/fultio,S22,F3,,,
405,p455_l30_o06,09r,petitor,a petendo,S54,F3,,,,78v,Petitor ,p455_l30_o06_a,dictor dictrix,S22,F3,,,
406,p456_l01_o05,09r,tonsor,ꝗ aliꝗd tondit,S54,F4,,,,78v,Tonsor ,p456_l01_o05_a,ꝗ tond&,S23,F4,,,
407,p456_l01_o07,09r,tonstrina,ipsa res ł domus,S23,F3,,,,78v,Tonstrina ,p456_l01_o07_a,opꝰ tonsoris,S23,F3,,,
408,p456_l02_o01,09r,optatiuus,desideratiuus,S22,F2,,,,78v,Optatiuꝰ ,p456_l02_o01_a,optatũ tũ/in .tiuus./fit optatiuuꝰ,S22,F3,,,
409,p456_l02_o04,09r,subtilitiuus,subiectiuus,S22,F2,,,,78v,Subditiuus. ,p456_l02_o04_a,subiectiuus .s. seruus,S22,F3,,,
410,p456_l05_o02,09v,iussor,ꝗ imperit,S23,F4,,,,79r,Iussor ,p456_l05_o02_a,p̃ceptor,S22,F2,,,
411,p456_l05_o03,09v,suasor,adortator,S22,F2,,,,79r,Suasor ,p456_l05_o03_a,adhortator,S22,F2,,,
412,p456_l05_o05,09v,pransor,epulator,S22,F2,,,,79r,Pransor ,p456_l05_o05_a,qͥ prand&,S23,F4,,,
413,p456_l05_o09,09v,lusor,ioculatores,S22,F2,,,,79r,lusor ,p456_l05_o09_a,qͥ ludit,S23,F4,,,
414,p456_l06_o05,09v,flatilis,qui◌̾ sub÷ flabilis ł inanis,S23,F3,,,,79r,Flatilis ,p456_l06_o05_a,ab eo qđ ÷/flo ÷ spiro,S54,F4,,,
415,p456_l06_o06,09v,fictilis,cõpossibilis,S22,F2,,,,79r,Fictilis) ,p456_l06_o06_a,ab eo qđ ÷ fingo ÷ cõpono dr̃ qͥ fingit ÷ cõponit,S54,F4,,,
416,p456_l06_o08,09v,altilis,++++ ł saginatus,S22,F3,,,,79r,Altilis ,p456_l06_o08_a,auis qͣ saginatur,S23,F4,p456_l06_o08_b,S23,F5
417,p456_l06_o10,09v,scriptilis,abilis ad scribendũ ,S23,F3,,,,79r,Tortilis ,p456_l06_o10_a,ꝗ facile/torquet᷑ ł habił ad torquendũ,S23,F4,,,
418,p456_l07_o04,09v,aduectitius,deportatitius,S22,F2,,,,79r,Aduectitius ,p456_l07_o04_a,apportatitius,S22,F2,p456_l07_o04_b,S23,F4
419,p456_l07_o05,09v,commentatitius,excogitatiuus ł argum̃tatiuus,S22,F3,,,,79r,Cõmentitius. ,,,,,p456_l07_o05_b,S62,F5
420,p456_l10_o09,09v,rupes,saxe,S22,F2,,,,79r,Rupes ,p456_l10_o09_a,petrę durisimę,S23,F3,p456_l10_o09_b,S23,F5
421,p456_l10_o11,09v,ambages,dubietates,S22,F2,,,,79r,Ambages ,p456_l10_o11_a,concertationes ł c̃flictiones ł dubitationes/circuitiones ł an/fractus,S22,F3,,,
422,p456_l16_o06-07,09v,in accidentib; ,in adiectiuis,S22,F3,,,,79r,in accidentib; ,p456_l16_o06-07_a,÷ in adiectiuis,S22,F3,,,
423,p456_l17_o04,09v,uocabulis,nominib;,S22,F2,,,,79r,uocabulis ,p456_l17_o04_a,Vocabulis ÷ nominib in una enĩ forma/.s. fiunt  istę diriuationes,S23,F4,,,
424,p456_l18_o03,09v,pictura,immago,S22,F2,,,,79r,Pictura ,p456_l18_o03_a,a pingendo dr̃,S54,F4,p456_l18_o03_b,S5,F5
425,p456_l18_o07,09v,censura,res ad iudicatio,S23,F3,,,,79r,censura. ,p456_l18_o07_a,iuditiũ iudicatio/ł̃ mensuratio,S22,F3,,,
426,p456_l18_o05,09v,litura,linitio,S22,F2,,,,79r,Litura ,p456_l18_o05_a,planatura/ͣł planatio seu/deletio uni/uscuiusq rei,S23,F3,,,
427,p456_l20_o07,09v,adminiculo,ausilio,S22,F2,,,,79r,adminiculo ,p456_l20_o07_a,adium̃to/auxilio,S22,F3,p456_l20_o07_b,S53,F4
428,p456_l20_o08,09v,repperire,inuenire,S22,F2,,,,79r,Quippe ,p456_l20_o08_a,certe non sine causa tradit᷑ illa obseruatio,S53,F4,p456_l20_o08_b,S5,F5
429,p456_l36_o09,10r,ostendere,manifestare,S22,F2,,,,79v,ostendere ,p456_l36_o09_a,.s. tẽptabo ostendere ñ ꝑtinere qđ ipsũ uerbũ ñ  ad aliã regulã ⁊rłꝗ,S53,F4,,,
430,p457_l04_o06,10v,mere,iđ pure,S22,F2,,,,79v,merę ,p457_l04_o06_a,purę,S22,F2,,,
431,p457_l05_o05,10v,propriis,,,,++++modi uerbis +propriis,S53,F4,79v,ꝓpriis ,p457_l05_o05_a,.s.  ꝓpria s̃ ut ęneas,S53,F4,,,
432,p457_l08_o02,10v,superuacua,suꝑflua,S22,F2,,,,79v,suꝑuacua ,p457_l08_o02_a,suꝑflua,S22,F2,,,
433,p457_l10_o03,10v,clementia,misericordia,S22,F2,,,,79v,clementia ,p457_l10_o03_a,Benignitas,S22,F2,,,
434,p457_l10_o04,10v,sollertia,prudentia sagacitas,S22,F3,,,,79v,Sollertia ,p457_l10_o04_a,sollicitudo,S22,F2,p457_l10_o04_b,S22,F3
435,p457_l10_o05,10v,inertia,pigritia ł stultitia,S22,F3,,,,79v,Inertia ,p457_l10_o05_a,stultitia/sine arte,S22,F3,,,
436,p457_l11_o06,10v,seueritas,crudelitas,S22,F2,,,,79v,Seueritas ,p457_l11_o06_a,asperitas rigor/ł quasi seua ueritas,S25,F3,p457_l11_o06_b,S23,F4
437,p457_l14_o08,10v,pene, ñ õnes,S521,F3,,,,80r,pene ,p457_l14_o08_a,ideo dixit pene :  non inuenit᷑ .F. .H. .⁊. .Y. .T. in latiNis,S53,F4,,,
438,p457_l15_o05,10v,turba,cont᷑bacio,S22,F2,,,,80r,Turba ,p457_l15_o05_a,multiudo,S22,F2,,,
439,p457_l16_o06,10v,predor,deponens uasto,S331,F3,,,,80r,Prędor ,p457_l16_o06_a,rapio,S22,F2,,,
440,p457_l16_o09,10v,fuga ,dr̃ fugitiuus,S22,F3,,,,80r,Fuga ,p457_l16_o09_a,expulsio,S22,F2,,,
441,p457_l16_o10,10v,fugo,repẽllo ac,S22,F2,,,,80r,Fugo ,p457_l16_o10_a,expello,S22,F2,p457_l16_o10_b,S23,F4
442,p457_l17_o02,10v,stillo,defluo,S22,F2,,,,80r,Stilla ,p457_l17_o02_a,gutta,S22,F2,p457_l17_o02_b,S23,F5
443,p457_l17_o05,10v,stipulor,int̃rogo ł inꝗro spondeo,S22,F3,,,,80r,Stipula ,p457_l17_o05_a,qđ remanet pꝰ secationẽ messiũ,S23,F4,p457_l17_o05_b,S23,F4
444,p457_l18_o02,10v,trutina,libra eꝗ lanx,S23,F3,,,,80r,Trutina ,p457_l18_o02_a,lanx ł m̃sura,S22,F3,,,
445,p457_l18_o03,10v,trutino,equo,S22,F2,,,,80r,Trutino ,p457_l18_o03_a,ęqualit̃ m̃suro/pondero coęquo,S22,F3,,,
446,p457_l18_o05,10v,machinor,molior fraudẽ g̃ deponens,S23,F3,,,,80r,Machina ,p457_l18_o05_a,argum̃tũ/ędificium,S22,F3,p457_l18_o05_b,S22,F3
447,p457_l19_o02,10v,nundine,mercata pubica,S23,F3,,,,80r,Nundine ,p457_l19_o02_a,mercatũ ł mercationes ł anonis/semꝑ płtr ꝓ̃nuntiantur,S312,F4,,,
448,p457_l19_o03,10v,nundinor,mercator,S22,F2,,,,80r,Nundinor ,p457_l19_o03_a,mercor,S22,F2,,,
449,p457_l20_o05,10v,moror,tardo,S22,F2,,,,80r,moror ,p457_l20_o05_a,tardo,S22,F2,,,
450,p457_l20_o07,10v,quadra,qͣsi diuido,S22,F2,,,,80r,Quadra ,p457_l20_o07_a,quadrangulũ,S22,F2,p457_l20_o07_b,S23,F4
451,p457_l20_o10,10v,cura,mundata,S22,F2,,,,80r,Cura ,p457_l20_o10_a,cura dr̃ eo qđ cor urat sollicitudine/res,S25,F4,,,
452,p457_l21_o04,10v,causor,testor,S22,F2,,,,80r,causor ,p457_l21_o04_a,causas q̃ro,S25,F4,,,
453,p457_l21_o11,11r,multo,uindico punio,S22,F3,,,,80r,Multo ,p457_l21_o11_a,dãpno occido/condẽpno,S22,F3,,,
454,p457_l22_o03,11r,rixo,obiurgo,S22,F2,,,,80r,Rixo ,p457_l22_o03_a,contendo,S22,F2,,,
455,p457_l22_o05,11r,lixa,ł aqua/mercenarius,S22,F3,,,,80r,Lixa ,p457_l22_o05_a,seruus militũ/siue mercenarius,S22,F3,p457_l22_o05_b,S23,F5
456,p457_l22_o06,11r,elixo,aliꝗd aq(uor ?)/c̃tendo,S23,F3,,,,80r,Elixo ,,,,,p457_l22_o06_a,S5,F5
457,p457_l23_o01,11r,bacha,lauriẽ ,S22,F2,,,,80r,Baccha ,p457_l23_o01_a,insania dem̃tia,S22,F3,,,
458,p457_l23_o02,11r,bachor,ł idem stomachorł irascor,S22,F3,,,,80r,Bacchor ,p457_l23_o02_a,insanio seuio inde bacchus/appellat ᷑uinum,S24,F4,,,
459,p457_l26_o07,11r,prob;,idoneus strenuus sagax,S22,F3,,,,80r,ꝓbus ,p457_l26_o07_a,bonus ęquus/ꝑfectus,S22,F3,,,
460,p457_l26_o11,11r,opacus,spissus ũbrosus ,S22,F3,,,,80r,Opacus ,p457_l26_o11_a,spissus/densus,S22,F3,p457_l26_o11_b,S22,F3
461,p457_l27_o01,11r,opaco,denseo,S22,F2,,,,80r,Opaco ,p457_l27_o01_a,obumbro spisso ł tenebro/denso,S22,F3,,,
462,p457_l27_o04,11r,amico,amititias cõpono,S23,F3,,,,80r,Amico ,p457_l27_o04_a,amicũ fatio ł amicitiã c̃iungo,S23,F4,,,
463,p457_l27_o07,11r,nudus,discooꝑtꝰ,S22,F2,,,,80r,Nudus ,p457_l27_o07_a,aꝑtꝰ,S22,F2,,,
464,p457_l27_o10,11r,fedus,turpis ,S22,F2,,,,80r,Fedus ,p457_l27_o10_a,turpis,S22,F2,p457_l27_o10_b,S5,F5
465,p457_l28_o01,11r,foedo,amiciciã sig̃ne,S23,F3,,,,80r,Fedo ,p457_l28_o01_a,putresco/turpo,S22,F3,p457_l28_o01_b,S5,F5
466,p457_l28_o04,11r,uagus,instans,S22,F2,,,,80r,Vagus ,p457_l28_o04_a,instabilis,S22,F2,p457_l28_o04_b,S22,F3
467,p457_l28_o09,11r,pio,purgo,S22,F2,,,,80r,Pio ,p457_l28_o09_a,purgo,S22,F2,,,
468,p457_l30_o06,11r,serenus,tranquillus,S22,F2,,,,80r,Serenus ,p457_l30_o06_a,humilis tranquillus/mitis,S22,F3,,,
469,p457_l30_o09,11r,uno,ad(uno)/c̃grego ,S22,F3,,,,80r,Vnus ,p457_l30_o09_a,VNYs uno -as ⁊ unio unionis,S24,F3,,,
470,p457_l30_o10,11r,unas,ad,S611,F1,,,,80r,Aduno ,p457_l30_o10_a,congrego c̃iungo,S22,F3,,,
471,p457_l31_o02,11r,hibernus,dr̃ ultima pars hiemis,S23,F4,,,,80r,Hibernus ,p457_l31_o02_a,hiemps,S22,F2,p457_l31_o02_b,S23,F5
472,p457_l31_o05,11r,crispus,c̃cussus,S22,F2,,,,80r,Crispus ,p457_l31_o05_a,terratꝰ,S22,F2,,,
473,p457_l32_o03,11r,obliquus,c̃tortus,S22,F2,,,,80r,Obliquus ,p457_l32_o03_a,curuus ꝓnus inclinatꝰ/ł descensus in ęqͣł,S23,F4,,,
474,p457_l32_o04,11r,obliquo,,,,,,,80r,Obliquo ,p457_l32_o04_a,incuruo,S22,F2,,,
475,p457_l33_o02,11r,ignarus,inscius,S22,F2,,,,80r,Ignarus ,p457_l33_o02_a,inscius,S22,F2,,,
476,p457_l33_o06,11r,lassus,fatigatus,S22,F2,,,,80r,Lassus ,p457_l33_o06_a,fessus,S22,F2,,,
477,p457_l33_o11,11r,dilato,ãplifico,S22,F2,,,,80r,dilato ,p457_l33_o11_a,ãplifico,S22,F2,,,
478,p457_l34_o04,11r,aptus,cõtus,S22,F2,,,,80r,Aptus ,p457_l34_o04_a,dignꝰ c̃gruuꝰ,S22,F3,,,
479,p457_l34_o05,11r,apto,c̃iungo assotio,S22,F3,,,,80r,Apto ,p457_l34_o05_a,Accõmođ ł dignor,S22,F3,,,
480,p457_l34_o07,11r,sollicitus,curiosus,S22,F2,,,,80r,Sollicitus ,p457_l34_o07_a,curiosꝰ/assiduus,S22,F3,,,
481,p457_l34_o08,11r,sollicito,curã ago,S23,F4,,,,80r,Sollicito ,p457_l34_o08_a,curo assiduo,S22,F3,,,
482,p457_l35_o01,11r,cruentus,atrox crudelus,S22,F3,,,,80r,Cruentꝰ ,p457_l35_o01_a,a cruore/÷ crudelis/sanguino lentꝰ,S23,F3,,,
483,p457_l35_o02,11r,cruento,asꝑgo ł lacero,S22,F3,,,,80r,Cruento ,p457_l35_o02_a,occido,S22,F2,,,
484,p457_l35_o05,11r,laxus,ñ bene c̃iuntus,S23,F3,,,,80r,Laxus ,p457_l35_o05_a,dimissus solutꝰ/dissolutꝰ,S22,F3,,,
485,p457_l35_o06,11r,laxo,relinquo,S22,F2,,,,80r,Laxo ,p457_l35_o06_a,dimitto dissoluo,S22,F3,,,
486,p457_l35_o09,11r,uiduus,quasi diuisus/a muliere,S23,F3,,,,80r,Viduus ,p457_l35_o09_a,derertꝰ,S22,F2,,,
487,p458_l01_o05,11r,fixis,dr̃ stabilis,S22,F4,,,,80r,fixis ,p458_l01_o05_a,s. nõib; fi/unt uerba,S53,F3,,,
488,p458_l02_o10,11r,stimulo,pungo,S22,F2,,,,80r,Stimulo ,p458_l02_o10_a,pungo incito,S22,F3,,,
489,p458_l03_o06,11r,terminus,finis meta,S22,F3,,,,80r,Terminꝰ ,p458_l03_o06_a,finis meta,S22,F3,,,
490,p458_l03_o07,11r,termino,finẽ fatio,S54,F4,,,,80r,Termino ,p458_l03_o07_a,finio/meto,S22,F3,,,
491,p458_l02_o02,11r,grecor,more grecorũ ago,S23,F4,,,,80r,Grecor ,p458_l02_o02_a,more greco loquor,S23,F4,,,
492,p458_l02_o05,11r,uulgus,multitudo ho/minum,S23,F3,,,,80r,Vulgꝰ ,p458_l02_o05_a,populus/insipiens,S22,F3,p458_l02_o05_b,S23,F5
493,p458_l02_o06,11r,uulgo,manifesto,S22,F2,,,,80r,Vulgo ,p458_l02_o06_a,diffamo,S22,F2,,,
494,p458_l03_o10,11r,perenno,toto anno inopere persisto,S23,F4,,,,80v,ꝑenno ,p458_l03_o10_a,ꝑmaneo p unũ annũ ł moror/ꝑ annos/ꝓtelo,S23,F4,,,
495,p458_l05_o07,11r,stomachor,irascor /ł  insanio,S22,F3,,,,80v,Stomachor ,p458_l05_o07_a, maxime in stomacho/fit ira ł letitia/os uentris/irascor,S23,F4,,,
496,p458_l06_o06,11r,libũ,sacrificͥũ,S22,F2,,,,80v,Libũ ,p458_l06_o06_a,sacrificiũ p̃gusto,S22,F3,p458_l06_o06_b,S4181,F5
497,p458_l06_o13,11r,colum,ubi lac mundatur,S23,F4,,,,80v,Colũ ,p458_l06_o13_a,instrum̃tũ unde/colat᷑ lac ł uinũ,S23,F4,p458_l06_o13_b,S23,F5
498,p458_l07_o06,11v,peculiũ,pro onum substantia ponitur,S23,F4,,,,80v,Peculiũ ,p458_l07_o06_a,ꝓpͥa possessio,S23,F3,p458_l07_o06_b,S23,F4
499,p458_l07_o07,11v,peculior,peculiã aufero,S23,F4,,,,80v,depeculior ,p458_l07_o07_a,aufero diuitias tuas a te/deuasto,S23,F4,,,
500,p458_l08_o09,11v,armo,accingo,S22,F2,,,,80v,arma ,,,,,p458_l08_o09_a,S312,F4
501,p458_l08_o12,11v,stagnũ,aqua q; ñ decurritur,S23,F4,,,,80v,Stagnũ ,p458_l08_o12_a,Genus metalli ł lacus qͥ ñ currit a stando dictꝰ,S23,F4,,,
502,p458_l11_o03,11v,liber,ingenuus,S22,F2,,,,80v,Liber ,p458_l11_o03_a,ingenuus/nobilis si/ue filius,S22,F3,,,
503,p458_l11_o04,11v,libero,eripio,S22,F2,,,,80v,Libero ,p458_l11_o04_a,liberũ fatio/ł eripio,S23,F4,,,
504,p458_l11_o06,11v,sacer,sc̃r,S22,F2,,,,80v,Sacer ,p458_l11_o06_a,sc̃s purꝰ,S22,F3,,,
505,p458_l11_o07,11v,sacro,scĩfico,S22,F2,,,,80v,Sacro ,p458_l11_o07_a,sc̃ifico,S22,F2,,,
506,p458_l11_o11,11v,peragro,incedo,S22,F2,,,,80v,ꝑagro ,p458_l11_o11_a,ꝑagro suado/seu ꝑlustro,S22,F3,,,
507,p458_l12_o05,11v,miseror,acõ,S22,F2,,,,80v,Miseror ,p458_l12_o05_a,deponens uerbũ & trahit acc̃m casũ/gñmt casũ regit : Misereo fuit ap̃ antiquos. quo uerbo ñ utim᷑ nunc  gñm casũ reꝗrit,S412,F5,,,
508,p458_l14_o01,11v,saturo,satio,S22,F2,,,,80v,Saturo ,p458_l14_o01_a,satio,S22,F2,,,
509,p458_l16_o01,11v,obseruatis,consideratis,S22,F2,,,,80v,obseruatis. ,p458_l16_o01_a,notatis,S22,F2,,,
510,p458_l17_o05,11v,contio,coadunatio,S22,F2,,,,80v,contio ,p458_l17_o05_a,plebs multitudo/populi,S22,F3,,,
511,p458_l17_o07,11v,contionor,multitudini alloquor,S23,F3,,,,80v,contionor ,p458_l17_o07_a,contionem/alloquor/eloquent̃ loquor/in foro ł in  placito ser es catalogꝰ,S23,F4,,,
512,p458_l18_o01,11v,ordino,dispono,S22,F2,,,,80v,Ordino ,p458_l18_o01_a,orno,S22,F2,,,
513,p458_l19_o13,11v,exulo,extra solũ eitio,S25,F3,,,,80v,Exulo ,p458_l19_o13_a,exita/solũ ua/do ÷/pere/grino,S23,F4,,,
514,p458_l21_o05,11v,uber,habundans,S22,F2,,,,80v,Vber ,p458_l21_o05_a,copiosꝰ,S22,F2,p458_l21_o05_b,S5,F5
515,p458_l21_o06,11v,ubero, abundo,S22,F2,,,,80v,Exubero ,p458_l21_o06_a,habundo,S22,F2,,,
516,p458_l21_o08,11v,agger,tumultus,S22,F2,,,,80v,Agger ,p458_l21_o08_a,anger uinculũ/cumulus t̃rę,S23,F3,,,
517,p458_l21_o09,11v,agero, c̃grego,S22,F2,,,,80v,Aggero ,p458_l21_o09_a,c̃grego accumulo,S22,F3,,,
518,p458_l23_o09,11v,robur,fortitudo,S22,F2,,,,80v,Robur ,p458_l23_o09_a,uirtꝰ ł quertꝰ,S22,F3,p458_l23_o09_b,S22,F3
519,p458_l23_o10,11v,roboro,c̃firmo,S22,F2,,,,80v,Roboro ,p458_l23_o10_a,firmo c̃fortor,S22,F3,p458_l23_o10_b,S22,F3
520,p458_l25_o06,11v,nugas,uanꝰ / ł inutilis /recedens a lege,S23,F3,,,,80v,Nugas ,p458_l25_o06_a,uanꝰ mał t᷑pis piger,S22,F3,,,
521,p458_l25_o08,11v,nugor,efecero desitio de(cur)so,S22,F3,,,,80v,Nur̶gor ,p458_l25_o08_a,uilesco det᷑por,S22,F3,,,
522,p458_l26_o01,11v,uas ,fideiussor,S22,F2,,,,80v,Vas ,p458_l26_o01_a,qđ rustice dr̃/uuatges dicr̃ aut̃/uades coqđ illis datis,S21,F4,p458_l26_o01_b,S23,F5
523,p458_l26_o07,11v,aries,aliquantã machinã,S222,F3,,,,80v,Aries ,p458_l26_o07_a,princeps/gregis,S23,F3,p458_l26_o07_b,S23,F3
524,p458_l26_o08,11v,arieto,more arietis ago,S23,F4,,,,80v,Arieto ,p458_l26_o08_a,ꝯiuros destruo/ł gub̶no,S23,F4,,,
525,p458_l27_o01,11v,comes,sotius,S22,F2,,,,80v,Comes ,p458_l27_o01_a,sotius ꝗ simul ꝑgit cũ alio,S23,F4,,,
526,p458_l27_o02,11v,comitor,simul /tecũ ꝑergo,S23,F3,,,,80v,comitor ,p458_l27_o02_a,tecũ uado ł subsequor,S23,F4,,,
527,p458_l27_o05,11v,sedo,pacifico,S22,F2,,,,80v,Sedo ,p458_l27_o05_a,mitigo placo/sereno fecundo,S22,F3,,,
528,p458_l27_o07,11v,locuples,diues copios,S22,F3,,,,80v,Locuples ,p458_l27_o07_a,diues ł locꝰ plenus diuitias,S23,F3,,,
529,p458_l27_o08,11v,locuplo,habundo,S22,F2,,,,80v,Locupleto ,p458_l27_o08_a,abundo ex diuitiis,S23,F4,,,
530,p458_l28_o04,12r,heredo,hereditatẽ aufero,S54,F3,,,,81r,Exhęredo ,p458_l28_o04_a,extra hęreditatẽ facio ł hęre/ditatem alicuius aufero,S23,F4,,,
531,p458_l28_o10,12r,turpo,fodo deformo,S22,F3,,,,81r,Turpo ,p458_l28_o10_a,fedo de/formo,S22,F3,,,
532,p458_l29_o02,12r,tenuis,gracilis,S22,F2,,,,81r,Tenuis ,p458_l29_o02_a,macer,S22,F2,,,
533,p458_l29_o03,12r,tenuo,minuo,S22,F2,,,,81r,Tenuo ,p458_l29_o03_a,gracił effitior,S23,F4,,,
534,p458_l29_o05,12r,tristis,Dolens / mestus,S22,F3,,,,81r,Tristis ,p458_l29_o05_a,Mestꝰ/męrens,S22,F3,,,
535,p458_l29_o09,12r,testor,confirmo,S22,F2,,,,81r,testor ,p458_l29_o09_a,iuro inde detestor ÷ ab hominor,S54,F3,,,
536,p458_l30_o09,12r,roro,inrigo /ł irore ꝑfundo,S23,F3,,,,81r,",Roro ",p458_l30_o09_a,rorẽ emitto,S23,F3,,,
537,p458_l31_o02,12r,decus,uentus /honor,S22,F3,,,,81r,decus ,p458_l31_o02_a,honor,S22,F2,p458_l31_o02_b,S22,F4
538,p458_l31_o03,12r,decoro,orno /uenusto,S22,F3,,,,81r,Decoro ,p458_l31_o03_a,orno,S22,F2,,,
539,p458_l31_o05,12r,ulcus,dicitur qđ ex carne ꝓcedit ut scabies sanies,S23,F4,,,,81r,Vlcus ,p458_l31_o05_a,cicatrix/uestigiũ/uulneris,S22,F3,p458_l31_o05_b,S23,F5
540,p458_l31_o08,12r,pondus,honus m̃surae,S23,F3,,,,81r,Pondus ,p458_l31_o08_a,honꝰ mensura,S22,F3,,,
541,p458_l31_o09,12r,pondero,libro equo,S23,F3,,,,81r,Pondero ,p458_l31_o09_a,onero m̃suro,S22,F3,,,
542,p458_l32_o05,12r,munus,qͣsi munus tribuo,S23,F3,,,,81r,Munus ,p458_l32_o05_a,donũ,S22,F2,,,
543,p459_l01_o06,12r,fraus,dr̃ furtũ deceptio,S22,F3,,,,81r,Fraus ,p459_l01_o06_a,deceptio,S22,F2,,,
544,p459_l02_o01,12r,nex,mors int̃emptio,S22,F3,,,,81r,Nex ,p459_l02_o01_a,mors supplicium,S22,F3,,,
545,p459_l02_o05,12r,uindex,ultor,S22,F2,,,,81r,Vindex  ,p459_l02_o05_a,ꝗ uindicat/defensor ultor,S23,F4,,,
546,p459_l02_o07,12r,uindico,punio /ulciscor,S22,F3,,,,81r,Vindico ,p459_l02_o07_a,ulciscor/defendo,S22,F3,,,
547,p459_l03_o01,12r,remex,nauigator ,S22,F2,,,,81r,Remex  ,p459_l03_o01_a,gubernator nauiũ,S23,F3,p459_l03_o01_b,S23,F4
548,p459_l03_o02,12r,remigio,qui cũ ramis agit ĩ nauigo,S23,F4,,,,81r,Remigo ,p459_l03_o02_a,Gub̶no,S22,F2,,,
549,p459_l03_o05,12r,lego ,dispono astruo c̃firmo,S22,F3,,,,81r,Lego  ,p459_l03_o05_a,leges cõpono/ł legationẽ mitto,S23,F4,,,
550,p459_l03_o08,12r,eradico,euełło,S52,F2,,,,81r,Radico ,p459_l03_o08_a,fundo,S22,F2,,,
551,p459_l04_o02,12r,cornicor,inanit̃ loquor ł garrio / more cornicis,S23,F3,,,,81r,Cornicor ,p459_l04_o02_a,inepte loquor/ł more cornicis loquor/ Garrio,S23,F4,,,
552,p459_l04_o09,12r,pernocto,peruigilo,S22,F2,,,,81r,ꝑnocto ,p459_l04_o09_a,ꝑugilo seu ꝑ noctẽ/uigilo,S23,F4,,,
553,p459_l05_o01,12r,mercs,lucrũ,S22,F2,,,,81r,Merx ,p459_l05_o01_a,mercimoniũ dr̃ ille merx ꝗ uenditur & õ/paratur,S23,F4,,,
554,p459_l05_o07,12r,hiemo,aer,S22,F2,,,,81r,Hiemo ,p459_l05_o07_a,moror hic ꝑ hiemẽ,S23,F4,,,
555,p459_l05_o09,12r,p̃ceps,impello ,S22,F2,,,,81r,Pręceps ,p459_l05_o09_a,ꝓnꝰ,S22,F2,p459_l05_o09_b,S4181,F5
556,p459_l07_o07,12r,aestuo,ebullio ł tardeo,S22,F3,,,,81r,ęstuo ,p459_l07_o07_a,ardeo caleo/ferueo,S22,F3,,,
557,p459_l08_o01,12r,tumultus,quasi timor multꝰ,S54,F3,,,,81r,Tumultꝰ ,p459_l08_o01_a,Tumultus dr̃ qͣsi/timor multus,S23,F4,,,
558,p459_l08_o02,12r,tumultuo,c̃tendo,S22,F2,,,,81r,Tumultuor ,p459_l08_o02_a,tumultũ facio ÷ sonitũ,S23,F4,,,
559,p459_l08_o05,12r,gelo,constringo,S22,F2,,,,81r,Gelo ,p459_l08_o05_a,frigeo,S22,F2,,,
560,p459_l08_o10,12r,rabies,insa(nia),S22,F2,,,,81r,Rabies ,p459_l08_o10_a,dem̃tia insa/nia ł insanies/am̃tia furor,S22,F3,,,
561,p459_l09_o03,12r,macies,tenuitas corporis,S23,F3,,,,81r,Maties ,p459_l09_o03_a,tenuitas exci/litas macredo/subtilitas,S22,F3,,,
562,p459_l13_o05,12r,nutus,potestas,S22,F2,,,,81r,Notus. ,p459_l13_o05_a,Notio ⁊ Notam̃,S22,F3,,,
563,p459_l13_o03,12r,nisus,conamen,S22,F2,,,,81r,nisus ,p459_l13_o03_a,audeo A nitor Conam̃ conatio,S22,F3,,,
564,p459_l19_o04,12v,principium,cognoscat᷑,S611,F2,,,,81r, principium ,p459_l19_o04_a,origo,S22,F2,,,
565,p459_l19_o09,12v,scriba,doctor ñ officiale,S23,F3,,,,81r,Scriba ,p459_l19_o09_a,lege peritꝰ,S23,F3,,,
566,p459_l22_o10,12v,cedes,hec,S313,F2,,,,81v,cędes ,p459_l22_o10_a,strages ł/occisio,S22,F3,,,
567,p459_l23_o08,12v,strues,hec,S313,F2,,,,81v,Strues ,p459_l23_o08_a,c̃geries lig/noꝵ,S23,F3,,,
568,p459_l24_o05,12v,parcus,abstinens,S22,F2,,,,81v,Parcus ,p459_l24_o05_a,auarus/habundans,S22,F3,p459_l24_o05_b,S5,F5
569,p459_l25_o02,12v,pando,aperio manifesto,S22,F3,,,,81v,Pando ,p459_l25_o02_a,aperio,S22,F2,,,
570,p459_l25_o04,12v,pandus,manifestus,S22,F2,,,,81v,Pandus ,p459_l25_o04_a,aꝑtꝰ patulus,S22,F2,,,
571,p459_l25_o08,12v,ludo,dis,S611,F2,,,,81v,Ludo ,p459_l25_o08_a,iocor,S22,F2,,,
572,p459_l31_o07,12v,formido,timor,S22,F2,,,,81v,Formido ,p459_l31_o07_a,paueo,S22,F2,,,
573,p459_l34_o09,12v,respondent,resonant,S22,F2,,,,81v,respondent ,p459_l34_o09_a,uerba,S415,F2,,,
574,p459_l35_o10,12v,tulisse,facta eẽ,S22,F2,,,,81v,tulisse ,p459_l35_o10_a,diriuasse,S22,F2,,,
575,p460_l07_o01,13r,indesinenter,indistant̃,S22,F2,,,,82r,indesinenter  ,p460_l07_o01_a,incessanter,S22,F2,,,
576,p460_l14_o09,13r,superuacuo,exsuperfluo,S22,F2,,,,82r,suꝑuacuo ,p460_l14_o09_a,suꝑfluo,S22,F2,,,
577,p460_l27_o03,13v,congruae,commode,S22,F2,,,,82r,congrue ,p460_l27_o03_a,.s. congruũ est sibi ÷ illis/ut siNt primę,S53,F4,,,
578,p461_l05_o10,14r,inesco,cibũ tribuo,S23,F3,,,,82v,inęsco ,p461_l05_o10_a,pasco ł manduco,S22,F3,,,
579,p461_l10_o02,14r,radio,luceo splendeo,S22,F3,,,,82v,Radio ,p461_l10_o02_a,splendeo,S22,F2,,,
580,p461_l10_o05,14r,humo,sepelio/cooperio,S22,F3,,,,82v,humo ,p461_l10_o05_a,sepelo ł humũ fodio,S23,F3,,,
581,p461_l11_o04,14r,cacumino,exacuo,S22,F2,,,,82v,cacumino ,p461_l11_o04_a,erigo/ł in altũ ascendo,S23,F4,,,
582,p461_l17_o01,14r,scortũ,meretrix,S22,F2,,,,82v,scortũ ,p461_l17_o01_a,meretrix pelex :,S22,F3,,,
583,p461_l17_o02,14r,scortor,mechor,S22,F2,,,,82v,scortor ,p461_l17_o02_a,Meretricor,S22,F2,p461_l17_o02_b,S5,F5
584,p461_l17_o06,14r,ingurgito,in mergo,S22,F3,,,,82v,ingurgito ,p461_l17_o06_a,deglutino absorbeo,S22,F3,,,
585,p461_l18_o06,14r,ingurgitasses,p̃cipitasses,S22,F2,,,,82v,ingurgitasses ,p461_l18_o06_a,immersisses,S22,F2,,,
586,p461_l19_o07,14r,procrastino,ꝓduco in cras,S54,F4,,,,82v,ꝓcrastino ,p461_l19_o07_a,ꝓtelo ꝓlongo ꝑendino differo aliꝗd,S23,F4,,,
587,p461_l20_o02,14r,conperendino,ꝑmaneο ł tardo.,S22,F3,,,,82v,coꝑendino ,p461_l20_o02_a,÷ ꝓlongo differo in aliũ diem in longũ mitto,S23,F4,,,
588,p461_l23_o03,14v,fore,esse,S22,F2,,,,82v,forte ,p461_l23_o03_a,euentu,S22,F2,,,
589,p462_l06_o01,14v,incrementa,aumenta,S22,F2,,,,83r,incrementa ,p462_l06_o01_a,aucmenta,S22,F2,,,
590,p462_l06_o07,14v,uello,rũpo,S22,F2,,,,83r,uello ,p462_l06_o07_a,decio destruo carpo eradico,S22,F3,,,
591,p462_l07_o05,14v,nutrico,alo,S22,F2,,,,83r,Nutrio ,p462_l07_o05_a,alo foueo,S22,F3,,,
592,p462_l08_o06,15r,frondico,frondes auello,S23,F3,,,,83r,frondis ,,,,,p462_l08_o06_a,S23,F5
593,p462_l08_o07,15r,debilico,infirmo,S22,F2,,,,83r,frondico ,,,,,p462_l08_o07_a,S23,F4
594,p462_l09_o04,15r,gratulor,gaudeo,S22,F2,,,,83r,gratulor ,p462_l09_o04_a,Gratias ago ł gaudeo,S23,F3,,,
595,p462_l10_o03-04,15r,opẽ tuli,adiuuaui,S22,F2,,,,83r,opem tuli ,p462_l10_o03-04_a,auxiliũ dedi,S22,F3,,,
596,p462_l10_o05,15r,opitulor,auxilior,S22,F2,,,,83r,opitulor ,p462_l10_o05_a,Adiuuo,S22,F2,p462_l10_o05_b,S5,F4
597,p462_l11_o09,15r,litigo,contendo,S22,F2,,,,83r,Litigo. ,p462_l11_o09_a,c̃tendo,S22,F2,p462_l11_o09_b,S5,F4
598,p462_l13_o03,15r,quia,qđ,S22,F2,,,,83r,quę ,p462_l13_o03_a,,S22,F2,,,
599,p462_l15_o09,15r,penetro,funditꝰ intro,S22,F3,,,,83r,penitro ,p462_l15_o09_a,penitꝰ intro ł sub̃ intro,S23,F4,p462_l15_o09_b,S23,F4
600,p462_l16_o01,15r,temere,p̃sũtiose,S22,F2,,,,83r,temere ,p462_l16_o01_a,p̃sũptiose,S22,F2,p462_l16_o01_b,S23,F4
601,p462_l16_o02,15r,temero,contẽno,S22,F2,,,,83r,temero ,p462_l16_o02_a,p̃sumo uolo maculo ł audeo,S22,F3,,,
602,p462_l17_o03,15r,diutius,longius,S22,F2,,,,83r,diutius ,p462_l17_o03_a,longius,S22,F2,p462_l17_o03_b,S62,F5
603,p462_l22_o01,15r,recolligere,codunare,S22,F2,,,,83r,recolligere ,,,,,p462_l22_o01_a,S62,F4
604,p462_l26_o01,15v,canus,caniger,S22,F2,,,,83r,canus ,p462_l26_o01_a,alb ł senex homo,S23,F3,,,
605,p462_l26_o03,15v,caneo,senesco,S22,F2,,,,83r,caneo ,p462_l26_o03_a,albeo,S22,F2,p462_l26_o03_b,S5,F4
606,p462_l26_o04,15v,calles,semita,S22,F2,,,,83r,calles ,p462_l26_o04_a,uia,S22,F2,,,
607,p462_l28_o06,15v,imbuo,instruo doceo,S22,F3,,,,83r,imbuo ,p462_l28_o06_a,ostendo ł rep̃hendo,S22,F3,p462_l28_o06_b,S5,F5
608,p462_l28_o07,15v,acuo,acumino,S22,F2,,,,83r,acuo ,p462_l28_o07_a,increpo,S22,F2,,,
609,p462_l28_o09,15v,arguo,increpo,S22,F2,,,,83r,arguo ,p462_l28_o09_a,soluo,S22,F2,,,
610,p462_l28_o10,15v,luo,penas soluo,S23,F3,,,,83r,luo ,p462_l28_o10_a,sustineo,S22,F2,,,
611,p462_l32_o08,15v,lues,,,,,,,83r,lues ,p462_l32_o08_a,pestis,S22,F2,,,
612,p462_l29_o03,15v,suo,ips̃ ꝗđ ẽ c̃suo,S22,F4,,,,83r,Suo ,p462_l29_o03_a,c̃suo,S22,F2,,,
613,p462_l29_o04,15v,fatuo,euanesco disipio,S22,F3,,,,83r,Fatuo ,p462_l29_o04_a,fatuus officior,S23,F4,,,
614,p462_l29_o11,15v,fluctuo,titubo,S22,F2,,,,83r,Fluctuo ,p462_l29_o11_a,titubo,S22,F2,p462_l29_o11_b,S23,F4
615,p462_l32_o04,15v,tribus,dr̃ a distributione,S54,F4,,,,83r,tribus ,p462_l32_o04_a,.XXX. centurio,S23,F3,,,
616,p462_l32_o10,15v,strues,congeries lignorũ,S23,F3,,,,83r,strues ,p462_l32_o10_a,c̃geries lignoꝵ,S23,F3,,,
617,p463_l08_o06,16r,bulla,,,,bulla dr̃ q: sit a uento/ł ornam̃tũ cingulorum,S23,F4,83r,bulla ,p463_l08_o06_a,ornam̃tũ camelorũ si/ue uesicule in aqua,S23,F4,,,
618,p463_l09_o08,16r,largior,tribuo,S22,F2,,,,83r,largio ,p463_l09_o08_a,tribuo,S22,F2,,,
619,p463_l11_o03,16r,seuus,aceruus,S22,F2,,,,83r,Seuus ,p463_l11_o03_a,durus/crudeł,S22,F3,,,
620,p463_l13_o08,16r,inretior,inlaqeor in rete,S54,F4,,,,83v,irretior ,p463_l13_o08_a,illaqueo inuenit᷑ et irretio/et ĩpedio,S22,F4,,,
621,p463_l15_o03,16r,insignis,nobilis,S22,F2,,,,83v,in̶asignis ,p463_l15_o03_a,nobilis,S22,F2,,,
622,p463_l15_o04,16r,insignio,decoro orno,S22,F3,,,,83v,Insignio ,p463_l15_o04_a,nobilito,S22,F2,,,
623,p463_l17_o01,16r,gestus,actꝰ ł motus,S22,F3,,,,83v,gestus ,p463_l17_o01_a,motꝰ corpỹs,S23,F3,p463_l17_o01_b,S5,F4
624,p463_l17_o02,16r,gestio,adꝗro exulto,S22,F3,,,,83v,Gestio ,p463_l17_o02_a,desidero,S22,F2,,,
625,p463_l25_o02,16v,meta,limes,S22,F2,,,,83v,meta ,p463_l25_o02_a,finis t̃minus,S22,F3,,,
626,p463_l25_o03,16v,metor,t̃mino finio,S22,F3,,,,83v,Metor ,p463_l25_o03_a,figo t̃mino,S22,F3,,,
627,p463_l25_o09,16v,metior,mensuro,S22,F2,,,,83v,metior ,p463_l25_o09_a,÷ mensuro,S22,F2,,,
628,p463_l27_o10,16v,insanio,furio ł infirmo,S22,F3,,,,83v,insanio ,p463_l27_o10_a,am̃tor insanit enĩ qui ñ est sanꝰ,S23,F4,,,
629,p464_l13_o09,17r,eger,infirmus,S22,F2,,,,83v,ager ,p464_l13_o09_a,infirmꝰ,S22,F2,,,
630,p464_l20_o02,17r,duro,durũ fatio,S54,F3,,,,83v,Duro ,p464_l20_o02_a,÷ durere incipio,S23,F4,,,
631,p464_l20_o10,17r,denso,opaco,S22,F2,,,,83v,Denso ,p464_l20_o10_a,a nõe densus ÷ spissus,S54,F3,,,
632,p465_l25_o11,18r,polliceor,ꝓmitto,S22,F2,,,,84r,Polliceor ,p465_l25_o11_a,ꝓmitto spondeo,S22,F3,,,
633,p465_l28_o01,18r,coguntur,compelluntur,S22,F2,,,,84r,coeunt᷑ ,p465_l28_o01_a,cõpellunt᷑ uerba,S22,F3,,,
634,p465_l28_o07,18r,amitior,tego,S22,F2,,,,84r,amitior ,p465_l28_o07_a,circũdo induco Ab amicus ł amictus,S54,F3,,,
635,p465_l28_o09,18r,ordior,incoo,S22,F2,,,,84r,Ordior ,p465_l28_o09_a,texo ł incipio loqͥ,S23,F3,,,
636,p466_l05_o04,18v,uador,error,S22,F2,,,,84v,uador ,p466_l05_o04_a,a uado,S54,F3,,,
637,p466_l05_o06,18v,suffragor,auxilior,S22,F2,,,,84v,Suffragor ,p466_l05_o06_a,a suffragio ÷ auxilior,S22,F3,,,
638,p466_l06_o03,18v,rimor,ꝑscrutor,S22,F2,,,,84v,Rimor ,p466_l06_o03_a,inqͥro,S22,F2,,,
639,p466_l21_o09,19r,paciscor,pactũ facio,S23,F4,,,,84v,pacisor ,p466_l21_o09_a,pacẽ fatio,S23,F4,,,
640,p466_l22_o02,19r,adipiscor,inueniscor,S22,F2,,,,84v,Adipiscor; ,p466_l22_o02_a,consequor inuenio,S22,F3,,,
641,p470_l09_o07,21v,glisco,cresco,S22,F2,,,,85v,Glisco ,p470_l09_o07_a,cresco,S22,F2,,,
642,p471_l26_o01,22v,trudo,impello ,S22,F2,,,,86r,Trudo ,p471_l26_o01_a,includo impingo ł pello,S22,F3,,,
